"gid","polygon_nr","ring_nr","vertex_nr","x","y"
523,1,1,1,2724281.943,1218955.151
523,1,1,2,2724281.804,1218955.1670000001
523,1,1,3,2724277.771,1218941.926
523,1,1,4,2724271.362,1218927.547
523,1,1,5,2724269.836,1218923.638
523,1,1,6,2724267.565,1218917.766
523,1,1,7,2724258.8510000003,1218898.233
523,1,1,8,2724249.9790000003,1218875.81
523,1,1,9,2724240.583,1218851.784
523,1,1,10,2724229.522,1218823.414
523,1,1,11,2724221.747,1218806.855
523,1,1,12,2724221.048,1218805.196
523,1,1,13,2724214.272,1218788.1400000001
523,1,1,14,2724206.606,1218769.476
523,1,1,15,2724197.445,1218747.943
523,1,1,16,2724185.659,1218719.027
523,1,1,17,2724174.276,1218691.626
523,1,1,18,2724163.162,1218666.331
523,1,1,19,2724153.562,1218641.16
523,1,1,20,2724145.7430000002,1218622.9510000001
523,1,1,21,2724137.344,1218605.26
523,1,1,22,2724128.727,1218588.529
523,1,1,23,2724119.462,1218569.036
523,1,1,24,2724111.051,1218550.22
523,1,1,25,2724107.853,1218542.121
523,1,1,26,2724103.016,1218539.859
523,1,1,27,2724107.6380000003,1218551.512
523,1,1,28,2724114.471323749,1218566.9463381255
523,1,1,29,2724115.984,1218570.3630000001
523,1,1,30,2724143.955,1218628.2
523,1,1,31,2724147.708,1218638.372
523,1,1,32,2724153.731,1218658.744
523,1,1,33,2724187.014,1218735.218
523,1,1,34,2724216.134,1218810.454
523,1,1,35,2724249.37,1218894.763
523,1,1,36,2724267.553,1218938.605
523,1,1,37,2724270.649,1218944.857
523,1,1,38,2724267.7691285415,1218951.2784904155
523,1,1,39,2724270.946525184,1218958.066565061
523,1,1,40,2724274.9015431697,1218957.6781257945
523,1,1,41,2724276.847111157,1218957.4870432243
523,1,1,42,2724276.96,1218957.763
523,1,1,43,2724281.943283,1218955.151281
523,1,1,44,2724281.9637918235,1218955.1485605836
523,1,1,45,2724281.943,1218955.151
523,2,1,1,2725761.855,1219885.728
523,2,1,2,2725761.855257894,1219885.7280141427
523,2,1,3,2725761.8552243784,1219885.7280775618
523,2,1,4,2725790.943,1219895.783
523,2,1,5,2725792.204,1219896.033
523,2,1,6,2725802.496,1219898.076
523,2,1,7,2725827.983,1219902.229
523,2,1,8,2725847.212,1219905.0
523,2,1,9,2725878.525,1219919.993
523,2,1,10,2725910.853,1219936.405
523,2,1,11,2725923.473,1219943.514
523,2,1,12,2725940.719,1219967.723
523,2,1,13,2725941.466,1219968.755
523,2,1,14,2725950.802,1219982.35
523,2,1,15,2725960.277,1219998.661
523,2,1,16,2725961.141798,1220000.349207
523,2,1,17,2725962.08839,1220001.992946
523,2,1,18,2725963.114496,1220003.588258
523,2,1,19,2725964.217645,1220005.1313
523,2,1,20,2725965.395178,1220006.618355
523,2,1,21,2725966.64426,1220008.045839
523,2,1,22,2725967.96188,1220009.410315
523,2,1,23,2725969.344865,1220010.708494
523,2,1,24,2725970.755,1220011.909
523,2,1,25,2725972.108423,1220012.985634
523,2,1,26,2725973.513043,1220013.994562
523,2,1,27,2725974.965477,1220014.933353
523,2,1,28,2725976.462226,1220015.799746
523,2,1,29,2725977.999684,1220016.591653
523,2,1,30,2725979.562,1220017.302
523,2,1,31,2725979.81,1220017.515
523,2,1,32,2726003.742,1220027.258
523,2,1,33,2726029.636,1220038.607
523,2,1,34,2726045.379,1220045.41
523,2,1,35,2726050.739,1220048.099
523,2,1,36,2726083.335,1220065.352
523,2,1,37,2726114.991,1220082.108
523,2,1,38,2726124.118,1220087.907
523,2,1,39,2726143.877,1220102.943
523,2,1,40,2726151.94,1220108.236
523,2,1,41,2726156.653,1220111.717
523,2,1,42,2726158.896,1220115.994
523,2,1,43,2726162.632,1220120.039
523,2,1,44,2726165.736859588,1220122.5825196304
523,2,1,45,2726167.825659952,1220115.6515002402
523,2,1,46,2726151.808,1220103.831
523,2,1,47,2726132.171,1220089.348
523,2,1,48,2726124.843,1220084.445
523,2,1,49,2726116.432,1220079.172
523,2,1,50,2726052.226,1220044.603
523,2,1,51,2726049.826,1220043.384
523,2,1,52,2725984.324,1220016.118
523,2,1,53,2725982.548,1220015.089
523,2,1,54,2725975.51,1220011.439
523,2,1,55,2725970.221,1220006.88
523,2,1,56,2725967.047,1220002.829
523,2,1,57,2725953.397,1219980.418
523,2,1,58,2725929.07,1219946.33
523,2,1,59,2725925.206,1219941.076
523,2,1,60,2725911.012,1219932.942
523,2,1,61,2725895.174,1219925.263
523,2,1,62,2725865.982,1219910.988
523,2,1,63,2725864.175,1219910.071
523,2,1,64,2725847.358,1219902.179
523,2,1,65,2725805.873,1219896.443
523,2,1,66,2725802.357,1219895.729
523,2,1,67,2725790.755,1219893.664
523,2,1,68,2725762.769,1219883.999
523,2,1,69,2725759.8938369676,1219882.2204048245
523,2,1,70,2725749.293,1219877.377
523,2,1,71,2725749.2948208577,1219877.3685659342
523,2,1,72,2725746.329904,1219880.074451
523,2,1,73,2725746.311135678,1219880.0878702262
523,2,1,74,2725746.3179354547,1219880.0929517648
523,2,1,75,2725746.318,1219880.093
523,2,1,76,2725746.308129393,1219880.0900197001
523,2,1,77,2725742.549,1219878.955
523,2,1,78,2725735.935,1219875.085
523,2,1,79,2725729.338,1219870.593
523,2,1,80,2725718.914,1219865.695
523,2,1,81,2725710.014,1219861.014
523,2,1,82,2725701.27,1219855.672
523,2,1,83,2725697.83,1219854.014
523,2,1,84,2725691.68,1219852.0520000001
523,2,1,85,2725687.7460000003,1219851.791
523,2,1,86,2725672.637,1219850.814
523,2,1,87,2725659.836,1219848.75
523,2,1,88,2725652.95,1219845.432
523,2,1,89,2725639.128,1219841.5150000001
523,2,1,90,2725631.22,1219841.205
523,2,1,91,2725624.558,1219841.406
523,2,1,92,2725618.787,1219841.638
523,2,1,93,2725612.1580000003,1219842.355
523,2,1,94,2725606.64,1219843.531
523,2,1,95,2725602.307,1219844.492
523,2,1,96,2725601.262,1219844.685
523,2,1,97,2725600.2060000002,1219844.807
523,2,1,98,2725599.144,1219844.858
523,2,1,99,2725598.0810000002,1219844.837
523,2,1,100,2725597.025,1219844.753
523,2,1,101,2725595.978,1219844.597
523,2,1,102,2725594.944,1219844.369
523,2,1,103,2725593.927,1219844.072
523,2,1,104,2725592.934,1219843.705
523,2,1,105,2725591.92,1219843.035
523,2,1,106,2725590.879,1219842.408
523,2,1,107,2725589.813,1219841.8260000001
523,2,1,108,2725588.72,1219841.324
523,2,1,109,2725587.6040000003,1219840.875
523,2,1,110,2725586.467,1219840.482
523,2,1,111,2725585.312,1219840.146
523,2,1,112,2725584.142,1219839.866
523,2,1,113,2725578.511,1219838.41
523,2,1,114,2725576.3510000003,1219837.593
523,2,1,115,2725572.636,1219835.908
523,2,1,116,2725569.09,1219834.778
523,2,1,117,2725551.43,1219830.766
523,2,1,118,2725546.927,1219829.45
523,2,1,119,2725541.9080000003,1219829.168
523,2,1,120,2725533.079,1219827.4880000001
523,2,1,121,2725529.035,1219826.6030000001
523,2,1,122,2725526.136,1219826.696
523,2,1,123,2725513.9590000003,1219825.566
523,2,1,124,2725509.487,1219825.447
523,2,1,125,2725505.0840000003,1219825.958
523,2,1,126,2725502.3510000003,1219826.291
523,2,1,127,2725502.541,1219827.3730000001
523,2,1,128,2725496.867,1219828.517
523,2,1,129,2725495.421,1219827.924
523,2,1,130,2725493.795,1219828.018
523,2,1,131,2725486.169,1219830.272
523,2,1,132,2725484.935,1219830.817
523,2,1,133,2725483.678,1219831.305
523,2,1,134,2725482.4,1219831.736
523,2,1,135,2725481.1040000003,1219832.108
523,2,1,136,2725480.599,1219832.235
523,2,1,137,2725480.091,1219832.349
523,2,1,138,2725478.636,1219832.641
523,2,1,139,2725477.168,1219832.856
523,2,1,140,2725475.691,1219832.992
523,2,1,141,2725471.7800000003,1219833.7010000001
523,2,1,142,2725470.647,1219833.914
523,2,1,143,2725469.5270000002,1219834.183
523,2,1,144,2725468.421,1219834.509
523,2,1,145,2725467.333,1219834.8900000001
523,2,1,146,2725466.266,1219835.325
523,2,1,147,2725465.181,1219835.833
523,2,1,148,2725464.125,1219836.398
523,2,1,149,2725463.1010000003,1219837.02
523,2,1,150,2725462.112,1219837.696
523,2,1,151,2725461.161,1219838.424
523,2,1,152,2725460.0500000003,1219839.392
523,2,1,153,2725458.98,1219840.405
523,2,1,154,2725457.953,1219841.4610000001
523,2,1,155,2725456.97,1219842.5590000001
523,2,1,156,2725455.9760000003,1219843.737
523,2,1,157,2725455.034,1219844.957
523,2,1,158,2725454.144,1219846.215
523,2,1,159,2725453.308,1219847.51
523,2,1,160,2725452.529,1219848.84
523,2,1,161,2725447.875,1219857.848
523,2,1,162,2725447.329,1219858.896
523,2,1,163,2725446.741,1219859.921
523,2,1,164,2725446.111,1219860.921
523,2,1,165,2725445.44,1219861.894
523,2,1,166,2725444.72,1219862.808
523,2,1,167,2725443.965,1219863.6940000001
523,2,1,168,2725443.176,1219864.55
523,2,1,169,2725442.219,1219865.399
523,2,1,170,2725441.2260000003,1219866.204
523,2,1,171,2725440.198,1219866.965
523,2,1,172,2725439.137,1219867.679
523,2,1,173,2725438.045,1219868.345
523,2,1,174,2725436.8310000002,1219869.007
523,2,1,175,2725435.587,1219869.608
523,2,1,176,2725434.3140000002,1219870.148
523,2,1,177,2725433.017,1219870.624
523,2,1,178,2725431.173,1219871.0
523,2,1,179,2725429.315,1219871.3
523,2,1,180,2725427.446,1219871.523
523,2,1,181,2725425.771,1219871.673
523,2,1,182,2725424.093,1219871.763
523,2,1,183,2725422.412,1219871.7920000001
523,2,1,184,2725420.731,1219871.76
523,2,1,185,2725419.052,1219871.6670000001
523,2,1,186,2725417.341,1219871.563
523,2,1,187,2725415.636,1219871.393
523,2,1,188,2725413.9390000002,1219871.156
523,2,1,189,2725412.2430000002,1219870.889
523,2,1,190,2725410.56,1219870.554
523,2,1,191,2725408.891,1219870.153
523,2,1,192,2725407.457,1219870.035
523,2,1,193,2725406.018,1219869.9780000001
523,2,1,194,2725404.579,1219869.981
523,2,1,195,2725403.012,1219870.084
523,2,1,196,2725401.452,1219870.263
523,2,1,197,2725399.9020000002,1219870.516
523,2,1,198,2725376.324,1219872.11
523,2,1,199,2725375.463,1219872.277
523,2,1,200,2725374.609,1219872.479
523,2,1,201,2725373.764,1219872.716
523,2,1,202,2725372.832,1219873.04
523,2,1,203,2725371.917,1219873.412
523,2,1,204,2725371.024,1219873.831
523,2,1,205,2725370.153,1219874.296
523,2,1,206,2725369.4760000003,1219874.695
523,2,1,207,2725368.838,1219875.155
523,2,1,208,2725368.245,1219875.671
523,2,1,209,2725367.702,1219876.2380000001
523,2,1,210,2725367.212,1219876.8530000001
523,2,1,211,2725366.8000000003,1219877.456
523,2,1,212,2725366.441,1219878.092
523,2,1,213,2725366.139,1219878.757
523,2,1,214,2725365.896,1219879.446
523,2,1,215,2725365.713,1219880.153
523,2,1,216,2725365.593,1219880.874
523,2,1,217,2725365.535,1219881.602
523,2,1,218,2725368.865,1219882.555
523,2,1,219,2725370.861,1219880.091
523,2,1,220,2725372.146,1219878.049
523,2,1,221,2725372.662,1219877.521
523,2,1,222,2725373.216,1219877.034
523,2,1,223,2725373.806,1219876.59
523,2,1,224,2725374.428,1219876.192
523,2,1,225,2725375.078,1219875.843
523,2,1,226,2725375.753,1219875.544
523,2,1,227,2725376.558,1219875.269
523,2,1,228,2725377.383,1219875.062
523,2,1,229,2725378.223,1219874.924
523,2,1,230,2725379.071,1219874.857
523,2,1,231,2725379.9220000003,1219874.862
523,2,1,232,2725399.419,1219873.712
523,2,1,233,2725400.91,1219873.457
523,2,1,234,2725402.411,1219873.279
523,2,1,235,2725403.92,1219873.176
523,2,1,236,2725405.432,1219873.151
523,2,1,237,2725406.943,1219873.202
523,2,1,238,2725408.216,1219873.322
523,2,1,239,2725409.482,1219873.494
523,2,1,240,2725410.741,1219873.718
523,2,1,241,2725411.989,1219873.993
523,2,1,242,2725413.225,1219874.3190000001
523,2,1,243,2725415.627,1219874.548
523,2,1,244,2725418.034,1219874.714
523,2,1,245,2725420.445,1219874.816
523,2,1,246,2725422.536,1219874.8800000001
523,2,1,247,2725424.628,1219874.895
523,2,1,248,2725426.719,1219874.86
523,2,1,249,2725428.0500000003,1219874.786
523,2,1,250,2725429.377,1219874.651
523,2,1,251,2725430.695,1219874.455
523,2,1,252,2725432.004,1219874.198
523,2,1,253,2725433.299,1219873.881
523,2,1,254,2725434.578,1219873.5050000001
523,2,1,255,2725435.838,1219873.07
523,2,1,256,2725437.087,1219872.5760000001
523,2,1,257,2725438.313,1219872.026
523,2,1,258,2725439.512,1219871.421
523,2,1,259,2725440.683,1219870.761
523,2,1,260,2725441.822,1219870.049
523,2,1,261,2725442.927,1219869.286
523,2,1,262,2725443.8510000003,1219868.707
523,2,1,263,2725444.737,1219868.072
523,2,1,264,2725445.58,1219867.381
523,2,1,265,2725446.379,1219866.639
523,2,1,266,2725447.129,1219865.848
523,2,1,267,2725447.836,1219864.976
523,2,1,268,2725448.488,1219864.062
523,2,1,269,2725449.083,1219863.11
523,2,1,270,2725449.619,1219862.1230000001
523,2,1,271,2725456.157,1219849.234
523,2,1,272,2725457.1040000003,1219847.98
523,2,1,273,2725458.107,1219846.77
523,2,1,274,2725459.163,1219845.606
523,2,1,275,2725460.27,1219844.49
523,2,1,276,2725461.266,1219843.546
523,2,1,277,2725462.296,1219842.6400000001
523,2,1,278,2725463.36,1219841.774
523,2,1,279,2725464.4560000002,1219840.948
523,2,1,280,2725465.583,1219840.165
523,2,1,281,2725470.8710000003,1219837.98
523,2,1,282,2725476.873,1219836.671
523,2,1,283,2725478.366,1219836.439
523,2,1,284,2725479.8510000003,1219836.154
523,2,1,285,2725481.324,1219835.818
523,2,1,286,2725482.697,1219835.464
523,2,1,287,2725484.058,1219835.065
523,2,1,288,2725485.595,1219834.558
523,2,1,289,2725487.113,1219833.999
523,2,1,290,2725488.611,1219833.387
523,2,1,291,2725504.375,1219834.492
523,2,1,292,2725516.062,1219829.375
523,2,1,293,2725529.431,1219831.679
523,2,1,294,2725538.808,1219833.392
523,2,1,295,2725546.819,1219834.188
523,2,1,296,2725554.392,1219835.405
523,2,1,297,2725562.521,1219837.778
523,2,1,298,2725564.419,1219838.1670000001
523,2,1,299,2725566.301,1219838.629
523,2,1,300,2725568.164,1219839.164
523,2,1,301,2725569.666,1219839.678
523,2,1,302,2725571.151,1219840.239
523,2,1,303,2725572.6180000002,1219840.847
523,2,1,304,2725574.0640000002,1219841.501
523,2,1,305,2725580.338,1219843.975
523,2,1,306,2725581.46,1219844.589
523,2,1,307,2725582.606,1219845.158
523,2,1,308,2725583.773,1219845.682
523,2,1,309,2725584.96,1219846.16
523,2,1,310,2725586.299,1219846.66
523,2,1,311,2725587.657,1219847.107
523,2,1,312,2725589.031,1219847.499
523,2,1,313,2725590.42,1219847.8360000001
523,2,1,314,2725591.822,1219848.118
523,2,1,315,2725593.233,1219848.344
523,2,1,316,2725595.016,1219848.392
523,2,1,317,2725596.799,1219848.384
523,2,1,318,2725598.5810000002,1219848.321
523,2,1,319,2725600.361,1219848.203
523,2,1,320,2725602.043,1219848.0420000001
523,2,1,321,2725603.72,1219847.833
523,2,1,322,2725605.391,1219847.5760000001
523,2,1,323,2725607.053,1219847.271
523,2,1,324,2725612.257,1219846.1
523,2,1,325,2725617.33,1219845.497
523,2,1,326,2725629.94,1219845.1940000001
523,2,1,327,2725637.267,1219845.056
523,2,1,328,2725644.007,1219846.631
523,2,1,329,2725651.471,1219849.2110000001
523,2,1,330,2725661.685,1219854.014
523,2,1,331,2725668.3680000002,1219855.279
523,2,1,332,2725673.757,1219855.8460000001
523,2,1,333,2725679.392,1219856.293
523,2,1,334,2725684.082,1219856.9780000001
523,2,1,335,2725692.292,1219858.144
523,2,1,336,2725696.645,1219858.98
523,2,1,337,2725699.4590000003,1219860.089
523,2,1,338,2725703.561,1219862.242
523,2,1,339,2725708.7430000002,1219865.2380000001
523,2,1,340,2725714.913,1219868.431
523,2,1,341,2725721.234,1219870.4780000001
523,2,1,342,2725724.999,1219872.039
523,2,1,343,2725729.1350000002,1219874.855
523,2,1,344,2725735.413,1219879.758
523,2,1,345,2725739.679,1219882.298
523,2,1,346,2725744.024,1219883.658
523,2,1,347,2725750.174,1219884.257
523,2,1,348,2725755.74,1219883.7380000001
523,2,1,349,2725759.057,1219883.902
523,2,1,350,2725761.855,1219885.728
523,3,1,1,2726193.413,1220135.912
523,3,1,2,2726195.641,1220138.622
523,3,1,3,2726197.344,1220139.854
523,3,1,4,2726200.508,1220140.314
523,3,1,5,2726204.787,1220140.541
523,3,1,6,2726204.957,1220140.915
523,3,1,7,2726206.574,1220141.062
523,3,1,8,2726209.918,1220142.164
523,3,1,9,2726213.954,1220144.135
523,3,1,10,2726216.67,1220145.531
523,3,1,11,2726224.847,1220148.453
523,3,1,12,2726229.877,1220150.028
523,3,1,13,2726239.659,1220154.984
523,3,1,14,2726250.942,1220160.087
523,3,1,15,2726269.467,1220166.512
523,3,1,16,2726278.719,1220170.236
523,3,1,17,2726288.083,1220174.472
523,3,1,18,2726294.603761,1220177.724569
523,3,1,19,2726294.583179724,1220177.72937822
523,3,1,20,2726296.223106,1220177.624004
523,3,1,21,2726298.000668,1220177.597197
523,3,1,22,2726298.156,1220177.599
523,3,1,23,2726299.918782,1220177.667915
523,3,1,24,2726301.67606,1220177.823242
523,3,1,25,2726303.423599,1220178.064608
523,3,1,26,2726304.047,1220178.172
523,3,1,27,2726309.794524,1220180.256047
523,3,1,28,2726310.341,1220180.471
523,3,1,29,2726315.991152,1220182.8704
523,3,1,30,2726320.837,1220185.197
523,3,1,31,2726323.789,1220187.511
523,3,1,32,2726334.911,1220196.907
523,3,1,33,2726346.249,1220204.557
523,3,1,34,2726350.138,1220207.04
523,3,1,35,2726355.934,1220211.625
523,3,1,36,2726368.598,1220220.935
523,3,1,37,2726369.049075,1220221.250485
523,3,1,38,2726369.484127,1220221.587722
523,3,1,39,2726369.902108,1220221.945901
523,3,1,40,2726370.30201,1220222.324157
523,3,1,41,2726370.68287,1220222.72158
523,3,1,42,2726371.043771,1220223.137212
523,3,1,43,2726371.383842,1220223.570053
523,3,1,44,2726371.702266,1220224.019058
523,3,1,45,2726371.998275,1220224.483147
523,3,1,46,2726372.093,1220224.643
523,3,1,47,2726372.358244,1220225.126161
523,3,1,48,2726372.599461,1220225.621755
523,3,1,49,2726372.81607,1220226.128588
523,3,1,50,2726373.007548,1220226.645439
523,3,1,51,2726373.173436,1220227.171062
523,3,1,52,2726373.313332,1220227.704193
523,3,1,53,2726373.4269,1220228.243545
523,3,1,54,2726373.513867,1220228.787821
523,3,1,55,2726373.574023,1220229.335708
523,3,1,56,2726373.607223,1220229.885886
523,3,1,57,2726373.613387,1220230.437032
523,3,1,58,2726373.5925,1220230.987815
523,3,1,59,2726373.544612,1220231.536911
523,3,1,60,2726373.469839,1220232.082995
523,3,1,61,2726373.378,1220232.579
523,3,1,62,2726371.529,1220241.055
523,3,1,63,2726369.349,1220248.598
523,3,1,64,2726373.974,1220250.493
523,3,1,65,2726374.774,1220247.175
523,3,1,66,2726376.009,1220243.683
523,3,1,67,2726377.339,1220237.033
523,3,1,68,2726378.747,1220228.141
523,3,1,69,2726378.29,1220224.696
523,3,1,70,2726376.052,1220222.309
523,3,1,71,2726374.709,1220220.255
523,3,1,72,2726349.893,1220201.263
523,3,1,73,2726340.484,1220195.098
523,3,1,74,2726335.158,1220191.608
523,3,1,75,2726327.168,1220183.764
523,3,1,76,2726321.421,1220180.461
523,3,1,77,2726312.892,1220176.027
523,3,1,78,2726307.46,1220173.848
523,3,1,79,2726303.744,1220172.998
523,3,1,80,2726295.238,1220171.548
523,3,1,81,2726289.238,1220170.577
523,3,1,82,2726281.925,1220167.155
523,3,1,83,2726271.107,1220162.925
523,3,1,84,2726251.374,1220155.991
523,3,1,85,2726241.633,1220151.725
523,3,1,86,2726232.484,1220147.014
523,3,1,87,2726217.356,1220142.004
523,3,1,88,2726213.542,1220139.607
523,3,1,89,2726190.588,1220130.12
523,3,1,90,2726175.607,1220121.392
523,3,1,91,2726175.160637952,1220121.0627476543
523,3,1,92,2726170.231948455,1220117.427172934
523,3,1,93,2726168.5826488957,1220123.4196279994
523,3,1,94,2726172.9604757437,1220124.0629688473
523,3,1,95,2726173.682,1220124.169
523,3,1,96,2726177.1085017165,1220125.4180612988
523,3,1,97,2726177.753,1220125.653
523,3,1,98,2726188.051,1220132.199
523,3,1,99,2726193.413,1220135.912
523,4,1,1,2724328.645159669,1219088.6286816457
523,4,1,2,2724359.752607165,1219166.2524798631
523,4,1,3,2724367.423841422,1219185.3948521244
523,4,1,4,2724409.163279135,1219287.938107407
523,4,1,5,2724440.4317506403,1219362.895782747
523,4,1,6,2724466.695822311,1219425.9512606028
523,4,1,7,2724510.3344767755,1219530.7200963222
523,4,1,8,2724535.989860553,1219593.780668849
523,4,1,9,2724538.892368756,1219602.312283869
523,4,1,10,2724540.0864635203,1219605.8221987833
523,4,1,11,2724547.452246646,1219621.9980362363
523,4,1,12,2724555.973446733,1219642.2178330526
523,4,1,13,2724571.860429946,1219669.947840115
523,4,1,14,2724579.586577055,1219682.633982899
523,4,1,15,2724583.5590266753,1219689.1566470903
523,4,1,16,2724586.014565438,1219691.6425011465
523,4,1,17,2724592.9026069036,1219698.615580161
523,4,1,18,2724593.015,1219698.538
523,4,1,19,2724594.25,1219697.686
523,4,1,20,2724592.393,1219692.455
523,4,1,21,2724575.112,1219663.236
523,4,1,22,2724570.681,1219655.828
523,4,1,23,2724570.4080000003,1219655.367
523,4,1,24,2724563.196,1219643.2010000001
523,4,1,25,2724562.554,1219642.118
523,4,1,26,2724555.39,1219624.339
523,4,1,27,2724551.612,1219613.043
523,4,1,28,2724543.619,1219591.831
523,4,1,29,2724543.906,1219583.8730000001
523,4,1,30,2724542.624,1219575.893
523,4,1,31,2724539.855,1219569.06
523,4,1,32,2724536.463,1219562.34
523,4,1,33,2724530.952,1219557.676
523,4,1,34,2724527.169,1219553.2820000001
523,4,1,35,2724526.359,1219547.806
523,4,1,36,2724527.019,1219543.376
523,4,1,37,2724527.4220000003,1219540.262
523,4,1,38,2724526.508,1219537.24
523,4,1,39,2724519.3680000002,1219521.1840000001
523,4,1,40,2724515.96,1219512.457
523,4,1,41,2724513.805,1219507.216
523,4,1,42,2724510.435,1219503.439
523,4,1,43,2724503.2430000002,1219493.717
523,4,1,44,2724500.699,1219484.6940000001
523,4,1,45,2724499.391,1219474.226
523,4,1,46,2724496.364,1219465.625
523,4,1,47,2724494.893,1219461.949
523,4,1,48,2724493.391,1219457.2480000001
523,4,1,49,2724490.501,1219450.778
523,4,1,50,2724487.117,1219446.579
523,4,1,51,2724474.671,1219420.76
523,4,1,52,2724473.594,1219414.496
523,4,1,53,2724474.061,1219407.678
523,4,1,54,2724475.128,1219403.048
523,4,1,55,2724475.558,1219399.377
523,4,1,56,2724476.074,1219397.472
523,4,1,57,2724474.47,1219396.765
523,4,1,58,2724474.47,1219396.7650000001
523,4,1,59,2724473.75,1219398.459
523,4,1,60,2724470.844,1219400.322
523,4,1,61,2724467.836,1219398.847
523,4,1,62,2724460.426,1219385.013
523,4,1,63,2724456.623,1219368.253
523,4,1,64,2724452.162,1219354.337
523,4,1,65,2724448.739,1219346.4710000001
523,4,1,66,2724449.025,1219339.186
523,4,1,67,2724446.162,1219335.466
523,4,1,68,2724440.428,1219333.496
523,4,1,69,2724436.754,1219332.195
523,4,1,70,2724427.901,1219309.972
523,4,1,71,2724419.563,1219288.251
523,4,1,72,2724418.599,1219273.9980000001
523,4,1,73,2724412.3880000003,1219255.56
523,4,1,74,2724406.7460000003,1219247.213
523,4,1,75,2724399.589,1219239.0860000001
523,4,1,76,2724393.807,1219228.193
523,4,1,77,2724386.337,1219206.236
523,4,1,78,2724384.048,1219201.06
523,4,1,79,2724385.1750000003,1219194.198
523,4,1,80,2724383.7060000002,1219186.517
523,4,1,81,2724380.989,1219182.245
523,4,1,82,2724377.969,1219172.1940000001
523,4,1,83,2724375.237,1219167.7650000001
523,4,1,84,2724368.411,1219163.636
523,4,1,85,2724364.345,1219159.4880000001
523,4,1,86,2724364.866,1219154.821
523,4,1,87,2724368.0130000003,1219150.323
523,4,1,88,2724371.792,1219148.903
523,4,1,89,2724371.072,1219147.324
523,4,1,90,2724367.132,1219148.562
523,4,1,91,2724362.392,1219148.022
523,4,1,92,2724359.56,1219145.634
523,4,1,93,2724351.049,1219123.079
523,4,1,94,2724352.238,1219116.788
523,4,1,95,2724350.799,1219106.666
523,4,1,96,2724346.508,1219098.09
523,4,1,97,2724339.776,1219081.051
523,4,1,98,2724336.965,1219078.033
523,4,1,99,2724332.822,1219074.915
523,4,1,100,2724327.85,1219069.237
523,4,1,101,2724324.569,1219061.253
523,4,1,102,2724324.97,1219057.2750000001
523,4,1,103,2724310.909,1219023.662
523,4,1,104,2724311.981,1219017.269
523,4,1,105,2724302.112,1218992.261
523,4,1,106,2724301.241,1218988.716
523,4,1,107,2724298.407,1218984.93
523,4,1,108,2724293.856,1218982.28
523,4,1,109,2724292.522229186,1218977.1691429042
523,4,1,110,2724286.7047717283,1218975.2784692305
523,4,1,111,2724280.5945443176,1218972.3761112106
523,4,1,112,2724279.714233148,1218972.6181967822
523,4,1,113,2724305.4435088425,1219033.6198160176
523,4,1,114,2724328.645159669,1219088.6286816457
523,5,1,1,2725038.201,1219861.681
523,5,1,2,2724985.079,1219847.472
523,5,1,3,2724984.703146407,1219847.3743211224
523,5,1,4,2724872.995,1219818.343
523,5,1,5,2724871.055,1219817.839
523,5,1,6,2724869.9050000003,1219817.567
523,5,1,7,2724864.382,1219815.994
523,5,1,8,2724832.2630000003,1219806.8460000001
523,5,1,9,2724806.117,1219799.746
523,5,1,10,2724753.2460000003,1219783.54
523,5,1,11,2724693.633,1219763.8630000001
523,5,1,12,2724676.02,1219757.371
523,5,1,13,2724631.6210000003,1219733.817
523,5,1,14,2724628.048,1219732.183
523,5,1,15,2724626.882,1219733.936
523,5,1,16,2724629.518,1219736.232
523,5,1,17,2724668.4930000002,1219757.708
523,5,1,18,2724670.254,1219759.075
523,5,1,19,2724671.603,1219757.337
523,5,1,20,2724674.376,1219759.489
523,5,1,21,2724673.4560000002,1219760.674
523,5,1,22,2724676.896,1219762.3020000001
523,5,1,23,2724692.9590000003,1219769.902
523,5,1,24,2724695.7552287513,1219770.7248551033
523,5,1,25,2724753.097,1219787.599
523,5,1,26,2724805.4420000003,1219803.94
523,5,1,27,2724831.461,1219810.99
523,5,1,28,2724870.077,1219821.199
523,5,1,29,2724984.326,1219851.179
523,5,1,30,2725117.321,1219886.743
523,5,1,31,2725202.087,1219910.365
523,5,1,32,2725220.23,1219915.421
523,5,1,33,2725230.557642895,1219918.0685293516
523,5,1,34,2725231.562,1219918.3260000001
523,5,1,35,2725234.973,1219920.065
523,5,1,36,2725235.88,1219920.412
523,5,1,37,2725236.808,1219920.7
523,5,1,38,2725237.751,1219920.929
523,5,1,39,2725238.708,1219921.097
523,5,1,40,2725239.673,1219921.205
523,5,1,41,2725240.643,1219921.251
523,5,1,42,2725241.614,1219921.236
523,5,1,43,2725242.582,1219921.159
523,5,1,44,2725243.543,1219921.021
523,5,1,45,2725244.471,1219920.688
523,5,1,46,2725245.377,1219920.298
523,5,1,47,2725246.257,1219919.854
523,5,1,48,2725247.109,1219919.357
523,5,1,49,2725247.911,1219918.821
523,5,1,50,2725248.68,1219918.239
523,5,1,51,2725249.413,1219917.612
523,5,1,52,2725250.345,1219917.07
523,5,1,53,2725250.532530842,1219916.9752598868
523,5,1,54,2725245.8144581863,1219915.715871064
523,5,1,55,2725245.403,1219915.806
523,5,1,56,2725244.6580000003,1219915.91
523,5,1,57,2725243.815,1219915.969
523,5,1,58,2725242.969,1219915.956
523,5,1,59,2725242.128,1219915.87
523,5,1,60,2725241.298,1219915.712
523,5,1,61,2725240.484,1219915.484
523,5,1,62,2725233.028,1219913.995
523,5,1,63,2725231.748155854,1219913.7332651797
523,5,1,64,2725226.813,1219912.724
523,5,1,65,2725220.532,1219910.9000000001
523,5,1,66,2725118.328,1219883.1130000001
523,5,1,67,2725038.201,1219861.681
523,6,1,1,2725316.7970000003,1219902.345
523,6,1,2,2725323.517,1219901.705
523,6,1,3,2725337.973,1219902.117
523,6,1,4,2725342.794,1219902.216
523,6,1,5,2725346.713,1219901.743
523,6,1,6,2725350.7260000003,1219900.859
523,6,1,7,2725354.659,1219899.4000000001
523,6,1,8,2725358.631,1219897.758
523,6,1,9,2725362.289,1219895.903
523,6,1,10,2725364.624,1219893.952
523,6,1,11,2725365.386,1219890.834
523,6,1,12,2725366.086,1219888.734
523,6,1,13,2725362.343,1219887.303
523,6,1,14,2725358.579,1219891.566
523,6,1,15,2725355.38,1219893.568
523,6,1,16,2725351.585,1219895.475
523,6,1,17,2725346.971,1219896.811
523,6,1,18,2725341.315,1219897.584
523,6,1,19,2725336.782,1219896.7380000001
523,6,1,20,2725334.339,1219895.04
523,6,1,21,2725331.733,1219894.382
523,6,1,22,2725325.773,1219895.085
523,6,1,23,2725324.369,1219896.169
523,6,1,24,2725321.597,1219894.902
523,6,1,25,2725319.369,1219894.637
523,6,1,26,2725317.65,1219896.3
523,6,1,27,2725315.117,1219895.182
523,6,1,28,2725311.515,1219894.817
523,6,1,29,2725309.7060000002,1219897.308
523,6,1,30,2725306.774,1219896.831
523,6,1,31,2725304.3340000003,1219896.4510000001
523,6,1,32,2725301.249,1219898.412
523,6,1,33,2725296.494,1219899.547
523,6,1,34,2725273.624,1219908.173
523,6,1,35,2725266.701,1219909.4070000001
523,6,1,36,2725263.774,1219909.731
523,6,1,37,2725257.506,1219911.393
523,6,1,38,2725253.5405406035,1219912.9512089284
523,6,1,39,2725252.754855039,1219915.98419997
523,6,1,40,2725253.251,1219915.801
523,6,1,41,2725254.224,1219915.5
523,6,1,42,2725255.213,1219915.254
523,6,1,43,2725262.355,1219913.997
523,6,1,44,2725267.5840000003,1219912.7010000001
523,6,1,45,2725272.898,1219912.69
523,6,1,46,2725277.714,1219912.2750000001
523,6,1,47,2725288.454,1219909.317
523,6,1,48,2725299.0330000003,1219906.139
523,6,1,49,2725308.145,1219903.99
523,6,1,50,2725316.7970000003,1219902.345
524,1,1,1,2724290.89396278,1218961.8971053788
524,1,1,2,2724290.309,1218962.237
524,1,1,3,2724291.899,1218974.781
524,1,1,4,2724292.522229186,1218977.1691429042
524,1,1,5,2724293.856,1218982.28
524,1,1,6,2724298.407,1218984.93
524,1,1,7,2724301.241,1218988.716
524,1,1,8,2724302.112,1218992.261
524,1,1,9,2724311.981,1219017.269
524,1,1,10,2724310.909,1219023.662
524,1,1,11,2724324.97,1219057.2750000001
524,1,1,12,2724324.569,1219061.253
524,1,1,13,2724327.85,1219069.237
524,1,1,14,2724332.822,1219074.915
524,1,1,15,2724336.965,1219078.033
524,1,1,16,2724339.776,1219081.051
524,1,1,17,2724346.508,1219098.09
524,1,1,18,2724350.799,1219106.666
524,1,1,19,2724352.238,1219116.788
524,1,1,20,2724351.049,1219123.079
524,1,1,21,2724359.56,1219145.634
524,1,1,22,2724362.392,1219148.022
524,1,1,23,2724367.132,1219148.562
524,1,1,24,2724371.072,1219147.324
524,1,1,25,2724370.129,1219145.256
524,1,1,26,2724352.188,1219103.0760000001
524,1,1,27,2724327.287,1219041.737
524,1,1,28,2724299.337,1218976.152
524,1,1,29,2724295.6350000002,1218967.335
524,1,1,30,2724295.642,1218964.364
524,1,1,31,2724297.731,1218959.874
524,1,1,32,2724301.055,1218955.993
524,1,1,33,2724290.89396278,1218961.8971053788
524,2,1,1,2724383.7060000002,1219186.517
524,2,1,2,2724385.1750000003,1219194.198
524,2,1,3,2724384.048,1219201.06
524,2,1,4,2724386.337,1219206.236
524,2,1,5,2724393.807,1219228.193
524,2,1,6,2724399.589,1219239.0860000001
524,2,1,7,2724406.7460000003,1219247.213
524,2,1,8,2724412.3880000003,1219255.56
524,2,1,9,2724418.599,1219273.9980000001
524,2,1,10,2724419.563,1219288.251
524,2,1,11,2724427.901,1219309.972
524,2,1,12,2724436.754,1219332.195
524,2,1,13,2724440.428,1219333.496
524,2,1,14,2724446.162,1219335.466
524,2,1,15,2724446.08,1219332.202
524,2,1,16,2724444.7260000003,1219327.2820000001
524,2,1,17,2724442.474,1219320.668
524,2,1,18,2724421.9050000003,1219272.334
524,2,1,19,2724393.431,1219202.425
524,2,1,20,2724372.974,1219151.496
524,2,1,21,2724371.792,1219148.903
524,2,1,22,2724368.0130000003,1219150.323
524,2,1,23,2724364.866,1219154.821
524,2,1,24,2724364.345,1219159.4880000001
524,2,1,25,2724368.411,1219163.636
524,2,1,26,2724375.237,1219167.7650000001
524,2,1,27,2724377.969,1219172.1940000001
524,2,1,28,2724380.989,1219182.245
524,2,1,29,2724383.7060000002,1219186.517
524,3,1,1,2724470.844,1219400.322
524,3,1,2,2724473.75,1219398.459
524,3,1,3,2724474.47,1219396.7650000001
524,3,1,4,2724473.079,1219394.692
524,3,1,5,2724460.259,1219366.538
524,3,1,6,2724450.919,1219344.835
524,3,1,7,2724450.6380000003,1219341.044
524,3,1,8,2724449.025,1219339.186
524,3,1,9,2724448.739,1219346.4710000001
524,3,1,10,2724452.162,1219354.337
524,3,1,11,2724456.623,1219368.253
524,3,1,12,2724460.426,1219385.013
524,3,1,13,2724467.836,1219398.847
524,3,1,14,2724470.844,1219400.322
524,4,1,1,2724500.699,1219484.6940000001
524,4,1,2,2724503.2430000002,1219493.717
524,4,1,3,2724510.435,1219503.439
524,4,1,4,2724513.805,1219507.216
524,4,1,5,2724515.96,1219512.457
524,4,1,6,2724519.3680000002,1219521.1840000001
524,4,1,7,2724526.508,1219537.24
524,4,1,8,2724527.4220000003,1219540.262
524,4,1,9,2724527.019,1219543.376
524,4,1,10,2724526.359,1219547.806
524,4,1,11,2724527.169,1219553.2820000001
524,4,1,12,2724530.952,1219557.676
524,4,1,13,2724536.463,1219562.34
524,4,1,14,2724539.855,1219569.06
524,4,1,15,2724542.624,1219575.893
524,4,1,16,2724543.906,1219583.8730000001
524,4,1,17,2724543.619,1219591.831
524,4,1,18,2724551.612,1219613.043
524,4,1,19,2724555.39,1219624.339
524,4,1,20,2724562.554,1219642.118
524,4,1,21,2724563.196,1219643.2010000001
524,4,1,22,2724570.4080000003,1219655.367
524,4,1,23,2724570.681,1219655.828
524,4,1,24,2724575.112,1219663.236
524,4,1,25,2724592.393,1219692.455
524,4,1,26,2724594.25,1219697.686
524,4,1,27,2724596.205,1219696.3360000001
524,4,1,28,2724587.291,1219673.139
524,4,1,29,2724586.31,1219670.838
524,4,1,30,2724585.3680000002,1219668.52
524,4,1,31,2724584.467,1219666.187
524,4,1,32,2724583.376,1219663.181
524,4,1,33,2724582.353,1219660.152
524,4,1,34,2724581.397,1219657.101
524,4,1,35,2724576.964,1219639.266
524,4,1,36,2724572.865,1219626.492
524,4,1,37,2724572.21,1219627.29
524,4,1,38,2724573.724,1219630.992
524,4,1,39,2724571.943,1219633.547
524,4,1,40,2724565.535,1219635.668
524,4,1,41,2724562.023,1219627.081
524,4,1,42,2724560.18,1219622.509
524,4,1,43,2724556.9420000003,1219623.827
524,4,1,44,2724544.667,1219571.605
524,4,1,45,2724529.542,1219535.396
524,4,1,46,2724501.306,1219465.487
524,4,1,47,2724487.751,1219430.861
524,4,1,48,2724477.721,1219407.44
524,4,1,49,2724478.1750000003,1219399.538
524,4,1,50,2724476.074,1219397.472
524,4,1,51,2724475.558,1219399.377
524,4,1,52,2724475.128,1219403.048
524,4,1,53,2724474.061,1219407.678
524,4,1,54,2724473.594,1219414.496
524,4,1,55,2724474.671,1219420.76
524,4,1,56,2724487.117,1219446.579
524,4,1,57,2724490.501,1219450.778
524,4,1,58,2724493.391,1219457.2480000001
524,4,1,59,2724494.893,1219461.949
524,4,1,60,2724496.364,1219465.625
524,4,1,61,2724499.391,1219474.226
524,4,1,62,2724500.699,1219484.6940000001
524,5,1,1,2725189.3365024887,1219913.4119472401
524,5,1,2,2725199.9659994924,1219915.7981608533
524,5,1,3,2725207.450033097,1219916.7743391495
524,5,1,4,2725227.298991788,1219920.5705880795
524,5,1,5,2725234.9999539033,1219922.7398731823
524,5,1,6,2725238.796202833,1219926.8615148778
524,5,1,7,2725240.7485594256,1219927.9461574291
524,5,1,8,2725254.5235198284,1219925.8853365814
524,5,1,9,2725259.40441131,1219924.4753012646
524,5,1,10,2725260.016342714,1219924.3918560732
524,5,1,11,2725255.212667784,1219915.2540826339
524,5,1,12,2725254.224,1219915.5
524,5,1,13,2725253.251,1219915.801
524,5,1,14,2725252.754855039,1219915.98419997
524,5,1,15,2725252.3710000003,1219917.466
524,5,1,16,2725250.532530842,1219916.9752598868
524,5,1,17,2725250.345,1219917.07
524,5,1,18,2725249.413,1219917.612
524,5,1,19,2725248.68,1219918.239
524,5,1,20,2725247.911,1219918.821
524,5,1,21,2725247.109,1219919.357
524,5,1,22,2725246.257,1219919.854
524,5,1,23,2725245.377,1219920.298
524,5,1,24,2725244.471,1219920.688
524,5,1,25,2725243.543,1219921.021
524,5,1,26,2725242.582,1219921.159
524,5,1,27,2725241.614,1219921.236
524,5,1,28,2725240.643,1219921.251
524,5,1,29,2725239.673,1219921.205
524,5,1,30,2725238.708,1219921.097
524,5,1,31,2725237.751,1219920.929
524,5,1,32,2725236.808,1219920.7
524,5,1,33,2725235.88,1219920.412
524,5,1,34,2725234.973,1219920.065
524,5,1,35,2725231.562,1219918.3260000001
524,5,1,36,2725220.23,1219915.421
524,5,1,37,2725202.087,1219910.365
524,5,1,38,2725117.321,1219886.743
524,5,1,39,2724984.326,1219851.179
524,5,1,40,2724981.952897502,1219850.5562758371
524,5,1,41,2724981.627453893,1219854.6243209539
524,5,1,42,2725159.4003680693,1219903.4332357675
524,5,1,43,2725172.8499357067,1219905.6025208703
524,5,1,44,2725182.9371114355,1219912.7611617092
524,5,1,45,2725189.3365024887,1219913.4119472401
524,6,1,1,2725245.403,1219915.806
524,6,1,2,2725245.8144581863,1219915.715871064
524,6,1,3,2725118.781,1219881.807
524,6,1,4,2725038.5734473844,1219860.5299034563
524,6,1,5,2724984.9390000002,1219846.3020000001
524,6,1,6,2724984.9390000002,1219846.3019999997
524,6,1,7,2724984.939,1219846.302
524,6,1,8,2724984.703146407,1219847.3743211224
524,6,1,9,2724985.079,1219847.472
524,6,1,10,2725038.201,1219861.681
524,6,1,11,2725118.328,1219883.1130000001
524,6,1,12,2725220.532,1219910.9000000001
524,6,1,13,2725226.813,1219912.724
524,6,1,14,2725233.028,1219913.995
524,6,1,15,2725240.484,1219915.484
524,6,1,16,2725241.298,1219915.712
524,6,1,17,2725242.128,1219915.87
524,6,1,18,2725242.969,1219915.956
524,6,1,19,2725243.815,1219915.969
524,6,1,20,2725244.6580000003,1219915.91
524,6,1,21,2725245.403,1219915.806
524,7,1,1,2724673.931,1219769.539
524,7,1,2,2724679.453,1219772.438
524,7,1,3,2724685.005,1219775.28
524,7,1,4,2724690.585,1219778.065
524,7,1,5,2724693.124292231,1219779.2315498514
524,7,1,6,2724695.7552287513,1219770.7248551033
524,7,1,7,2724692.9590000003,1219769.902
524,7,1,8,2724676.896,1219762.3020000001
524,7,1,9,2724676.579,1219763.254
524,7,1,10,2724674.983,1219767.848
524,7,1,11,2724673.931,1219769.539
524,8,1,1,2724645.211,1219751.293
524,8,1,2,2724664.67,1219763.898
524,8,1,3,2724668.4930000002,1219757.708
524,8,1,4,2724629.518,1219736.232
524,8,1,5,2724626.882,1219733.936
524,8,1,6,2724625.633,1219735.628
524,8,1,7,2724628.7970000003,1219738.36
524,8,1,8,2724632.002,1219741.044
524,8,1,9,2724635.2460000003,1219743.68
524,8,1,10,2724638.5300000003,1219746.267
524,8,1,11,2724641.852,1219748.805
524,8,1,12,2724645.211,1219751.293
524,9,1,1,2724538.892368756,1219602.312283869
524,9,1,2,2724535.989860553,1219593.780668849
524,9,1,3,2724530.081,1219596.2
524,9,1,4,2724534.052867,1219605.893683
524,9,1,5,2724538.183,1219615.521
524,9,1,6,2724543.780023,1219627.919049
524,9,1,7,2724549.64,1219640.195
524,9,1,8,2724550.0721235573,1219640.9927141701
524,9,1,9,2724558.383792,1219656.336325
524,9,1,10,2724562.285,1219662.975
524,9,1,11,2724572.093753,1219678.408719
524,9,1,12,2724574.785,1219682.367
524,9,1,13,2724578.353487,1219686.862046
524,9,1,14,2724582.138237,1219691.17658
524,9,1,15,2724584.882,1219694.054
524,9,1,16,2724589.017003,1219698.044289
524,9,1,17,2724591.08,1219699.895
524,9,1,18,2724591.927,1219699.289
524,9,1,19,2724593.015,1219698.538
524,9,1,20,2724592.9026069036,1219698.615580161
524,9,1,21,2724586.014565438,1219691.6425011465
524,9,1,22,2724583.5590266753,1219689.1566470903
524,9,1,23,2724579.586577055,1219682.633982899
524,9,1,24,2724571.860429946,1219669.947840115
524,9,1,25,2724555.973446733,1219642.2178330526
524,9,1,26,2724555.4856643924,1219641.0603834307
524,9,1,27,2724547.452246646,1219621.9980362363
524,9,1,28,2724540.0864635203,1219605.8221987833
524,9,1,29,2724538.892368756,1219602.312283869
530,1,1,1,2727482.236359643,1220931.512828652
530,1,1,2,2727487.901875986,1220930.8257737188
530,1,1,3,2727531.1706757727,1220925.5785834265
530,1,1,4,2727550.125,1220923.28
530,1,1,5,2727542.842,1220901.932
530,1,1,6,2727554.378,1220882.754
530,1,1,7,2727582.136,1220897.295
530,1,1,8,2727606.356,1220912.79
530,1,1,9,2727674.024,1220902.058
530,1,1,10,2727672.86674885,1220874.0001515
530,1,1,11,2727671.705,1220875.165
530,1,1,12,2727672.86674885,1220874.0001514999
530,1,1,13,2727672.628873196,1220868.2327957607
530,1,1,14,2727660.212,1220873.286
530,1,1,15,2727647.313,1220876.551
530,1,1,16,2727631.139,1220875.454
530,1,1,17,2727617.769,1220870.67
530,1,1,18,2727603.6380000003,1220865.824
530,1,1,19,2727586.704,1220864.002
530,1,1,20,2727575.272,1220862.388
530,1,1,21,2727568.701,1220867.838
530,1,1,22,2727564.318,1220870.629
530,1,1,23,2727562.732,1220870.455
530,1,1,24,2727558.251,1220869.58
530,1,1,25,2727524.6720000003,1220890.9559999995
530,1,1,26,2727524.6720000003,1220890.956
530,1,1,27,2727524.6720000003,1220890.9560000026
530,1,1,28,2727524.672,1220890.956
530,1,1,29,2727519.392,1220885.954
530,1,1,30,2727517.944,1220888.972
530,1,1,31,2727514.343,1220896.477
530,1,1,32,2727501.87,1220909.523
530,1,1,33,2727495.0840000003,1220911.574
530,1,1,34,2727491.59,1220912.631
530,1,1,35,2727471.546,1220918.69
530,1,1,36,2727461.579014471,1220927.1819876707
530,1,1,37,2727461.579019,1220927.182253
530,1,1,38,2727455.765,1220934.723
530,1,1,39,2727482.236359643,1220931.512828652
540,1,1,1,2727671.862669817,1220849.6559999497
540,1,1,2,2727669.113,1220847.89
540,1,1,3,2727662.646,1220836.856
540,1,1,4,2727660.664,1220829.146
540,1,1,5,2727659.984,1220819.999
540,1,1,6,2727658.759,1220810.888
540,1,1,7,2727656.224,1220800.979
540,1,1,8,2727658.813,1220791.372
540,1,1,9,2727662.899,1220783.312
540,1,1,10,2727668.756,1220774.334
540,1,1,11,2727658.4584945953,1220777.4851727253
540,1,1,12,2727657.116,1220781.913
540,1,1,13,2727652.522,1220790.012
540,1,1,14,2727648.503,1220797.9980000001
540,1,1,15,2727646.696,1220808.817
540,1,1,16,2727649.874,1220818.267
540,1,1,17,2727654.114,1220831.984
540,1,1,18,2727659.441,1220840.9610000001
540,1,1,19,2727668.516,1220851.965
540,1,1,20,2727672.219052184,1220858.2965810744
540,1,1,21,2727671.862669817,1220849.65599995
540,1,1,22,2727669.113,1220847.8900000001
540,1,1,23,2727671.862669817,1220849.6559999497
547,1,1,1,2724110.855526,1218534.311934
547,1,1,2,2724116.695466,1218545.624124
547,1,1,3,2724116.7090000003,1218545.622
547,1,1,4,2724136.236484,1218589.67276
547,1,1,5,2724149.969554,1218617.273949
547,1,1,6,2724184.371339,1218600.847815
547,1,1,7,2724176.197,1218572.87
547,1,1,8,2724169.271,1218558.832
547,1,1,9,2724152.33,1218517.567
547,1,1,10,2724135.966,1218523.24
547,1,1,11,2724126.608574,1218527.660014
547,1,1,12,2724120.982538,1218530.800005
547,1,1,13,2724110.855526,1218534.311934
547,2,1,1,2724873.002963509,1219772.1900480788
547,2,1,2,2724873.3911737367,1219773.9035277055
547,2,1,3,2724878.919,1219775.672
547,2,1,4,2724894.318,1219773.291
547,2,1,5,2724913.129,1219770.592
547,2,1,6,2724922.455,1219770.432
547,2,1,7,2724922.412299,1219767.133823
547,2,1,8,2724873.215,1219759.496
547,2,1,9,2724868.1154858475,1219758.6988035091
547,2,1,10,2724867.078923,1219758.505774
547,2,1,11,2724865.875,1219750.284
547,2,1,12,2724866.737116455,1219749.0684535275
547,2,1,13,2724876.548,1219735.233
547,2,1,14,2724879.26403,1219708.981426
547,2,1,15,2724892.547125,1219699.545357
547,2,1,16,2724903.744,1219674.84
547,2,1,17,2724928.915,1219679.715
547,2,1,18,2724928.7425653064,1219679.5153060413
547,2,1,19,2724944.24249,1219680.466214
547,2,1,20,2724953.612,1219665.837
547,2,1,21,2724955.838,1219657.75
547,2,1,22,2724983.049,1219647.305
547,2,1,23,2724993.556,1219628.48
547,2,1,24,2725020.636,1219631.16
547,2,1,25,2725039.296,1219627.216
547,2,1,26,2725042.81008397,1219626.4735435839
547,2,1,27,2725043.764,1219626.272
547,2,1,28,2725042.389,1219616.987
547,2,1,29,2725041.418576251,1219617.1901547562
547,2,1,30,2725036.59,1219618.2010000001
547,2,1,31,2725023.7630000003,1219620.887
547,2,1,32,2725000.315,1219623.393
547,2,1,33,2724977.663,1219623.977
547,2,1,34,2724953.757,1219625.878
547,2,1,35,2724933.64,1219612.393
547,2,1,36,2724922.38,1219600.024
547,2,1,37,2724917.625,1219571.354
547,2,1,38,2724910.2892012666,1219564.9222047557
547,2,1,39,2724910.294842391,1219564.8437890147
547,2,1,40,2724919.948,1219536.466
547,2,1,41,2724923.737424,1219521.059205
547,2,1,42,2724923.774,1219501.5960000001
547,2,1,43,2724898.015,1219518.578
547,2,1,44,2724880.826,1219530.866
547,2,1,45,2724859.732,1219518.924
547,2,1,46,2724836.848,1219515.537
547,2,1,47,2724829.862,1219535.335
547,2,1,48,2724828.887757,1219553.022447
547,2,1,49,2724833.504961914,1219579.9709411704
547,2,1,50,2724817.630663,1219588.647698
547,2,1,51,2724788.320458,1219597.465765
547,2,1,52,2724780.151405,1219591.288724
547,2,1,53,2724764.9726732005,1219609.704820609
547,2,1,54,2724743.809,1219616.935
547,2,1,55,2724717.6,1219616.665
547,2,1,56,2724704.136074,1219609.990869
547,2,1,57,2724704.5144649516,1219610.178439162
547,2,1,58,2724704.23636886,1219609.6308256648
547,2,1,59,2724711.975,1219581.98
547,2,1,60,2724717.842,1219577.611
547,2,1,61,2724724.392,1219568.633
547,2,1,62,2724724.2134490414,1219568.6222321934
547,2,1,63,2724724.469033,1219568.548476
547,2,1,64,2724740.764,1219546.176
547,2,1,65,2724750.0810000002,1219540.473
547,2,1,66,2724749.182,1219538.789
547,2,1,67,2724744.428188,1219529.674201
547,2,1,68,2724725.021065,1219509.275162
547,2,1,69,2724736.624154,1219489.122019
547,2,1,70,2724746.091227,1219470.734889
547,2,1,71,2724748.401249,1219458.144801
547,2,1,72,2724753.692293,1219442.302689
547,2,1,73,2724760.434346,1219427.574485
547,2,1,74,2724760.2251485623,1219427.595994259
547,2,1,75,2724760.265,1219427.578
547,2,1,76,2724769.584417,1219411.467371
547,2,1,77,2724768.626,1219402.097
547,2,1,78,2724765.776399,1219393.058243
547,2,1,79,2724759.554,1219389.397
547,2,1,80,2724767.605,1219386.834
547,2,1,81,2724772.708,1219368.218
547,2,1,82,2724770.009,1219351.794
547,2,1,83,2724774.298837959,1219341.3763648162
547,2,1,84,2724774.374876326,1219341.1917098297
547,2,1,85,2724775.6550000003,1219338.083
547,2,1,86,2724775.4321867917,1219337.9336771083
547,2,1,87,2724775.701506,1219338.023851
547,2,1,88,2724816.6580000003,1219321.433
547,2,1,89,2724807.752742,1219309.271648
547,2,1,90,2724801.018673,1219304.023617
547,2,1,91,2724787.696592,1219277.573427
547,2,1,92,2724772.109508,1219255.351283
547,2,1,93,2724762.879457,1219239.091161
547,2,1,94,2724757.4570787973,1219233.8589537453
547,2,1,95,2724757.462716369,1219233.8004503718
547,2,1,96,2724748.8880000003,1219216.845
547,2,1,97,2724743.23,1219213.297
547,2,1,98,2724738.569,1219200.3800000001
547,2,1,99,2724738.609414629,1219200.492000807
547,2,1,100,2724738.671312,1219200.402896
547,2,1,101,2724732.550264,1219185.929792
547,2,1,102,2724723.844,1219178.964
547,2,1,103,2724719.826186,1219171.79672
547,2,1,104,2724707.7295593736,1219149.388497676
547,2,1,105,2724707.165,1219158.0520000001
547,2,1,106,2724707.765,1219162.099
547,2,1,107,2724708.532,1219169.925
547,2,1,108,2724709.092,1219174.332
547,2,1,109,2724710.269,1219183.024
547,2,1,110,2724711.128,1219188.477
547,2,1,111,2724710.991,1219193.224
547,2,1,112,2724708.365,1219200.713
547,2,1,113,2724702.380815457,1219207.5810640976
547,2,1,114,2724699.075,1219209.4170000001
547,2,1,115,2724693.8907407275,1219210.2329207514
547,2,1,116,2724687.6506089373,1219208.3255752053
547,2,1,117,2724686.291,1219207.91
547,2,1,118,2724678.6180000002,1219198.385
547,2,1,119,2724667.77,1219186.214
547,2,1,120,2724660.097,1219172.455
547,2,1,121,2724650.837,1219158.168
547,2,1,122,2724639.989,1219144.939
547,2,1,123,2724628.612,1219125.6230000001
547,2,1,124,2724609.561,1219106.044
547,2,1,125,2724615.1180000002,1219084.348
547,2,1,126,2724613.449,1219078.136
547,2,1,127,2724612.308,1219076.761
547,2,1,128,2724595.3850000002,1219054.6500000001
547,2,1,129,2724595.385002335,1219054.6499983955
547,2,1,130,2724595.008386,1219054.129911
547,2,1,131,2724595.0084242756,1219054.129711697
547,2,1,132,2724595.008,1219054.1300000001
547,2,1,133,2724594.502,1219053.108
547,2,1,134,2724574.7600000002,1219041.742
547,2,1,135,2724563.642,1219015.964
547,2,1,136,2724563.188,1219014.871
547,2,1,137,2724560.884,1219011.333
547,2,1,138,2724550.498,1219006.862
547,2,1,139,2724546.238,1219003.193
547,2,1,140,2724541.132,1218992.8630000001
547,2,1,141,2724539.099,1218981.703
547,2,1,142,2724535.244,1218977.503
547,2,1,143,2724529.549,1218973.294
547,2,1,144,2724522.2600000002,1218961.241
547,2,1,145,2724506.7600000002,1218961.241
547,2,1,146,2724508.7600000002,1218942.741
547,2,1,147,2724526.2600000002,1218945.741
547,2,1,148,2724527.747,1218940.468
547,2,1,149,2724528.824,1218939.233
547,2,1,150,2724544.613,1218935.3800000001
547,2,1,151,2724552.419,1218926.12
547,2,1,152,2724562.473,1218922.548
547,2,1,153,2724560.404835788,1218918.5295971378
547,2,1,154,2724564.561,1218920.12
547,2,1,155,2724558.916203,1218917.888967
547,2,1,156,2724547.169,1218918.239
547,2,1,157,2724540.179077,1218910.754921
547,2,1,158,2724530.527015,1218901.992861
547,2,1,159,2724512.932898,1218894.308811
547,2,1,160,2724503.2600000002,1218888.114
547,2,1,161,2724493.532769,1218884.717748
547,2,1,162,2724480.518685,1218873.587673
547,2,1,163,2724458.739,1218868.246
547,2,1,164,2724440.9960000003,1218855.388
547,2,1,165,2724439.82416266,1218854.564331649
547,2,1,166,2724441.48442,1218867.043635
547,2,1,167,2724439.875408,1218870.167657
547,2,1,168,2724435.986,1218874.915
547,2,1,169,2724414.426,1218876.716
547,2,1,170,2724408.329,1218881.37
547,2,1,171,2724406.954,1218882.509
547,2,1,172,2724400.293124,1218894.186832
547,2,1,173,2724395.71109,1218901.216882
547,2,1,174,2724393.211072,1218902.420891
547,2,1,175,2724376.457954,1218907.943933
547,2,1,176,2724364.028,1218910.749
547,2,1,177,2724364.0488152895,1218910.779250604
547,2,1,178,2724358.518,1218913.719
547,2,1,179,2724357.595320896,1218912.3706010487
547,2,1,180,2724339.216,1218928.32
547,2,1,181,2724345.392,1218934.236
547,2,1,182,2724364.31,1218929.606
547,2,1,183,2724376.039,1218945.5250000001
547,2,1,184,2724366.955,1218973.1300000001
547,2,1,185,2724355.844,1218980.6570000001
547,2,1,186,2724349.732,1218984.851
547,2,1,187,2724356.068810709,1218991.394127511
547,2,1,188,2724375.0840000003,1219008.546
547,2,1,189,2724388.421686047,1219018.171570239
547,2,1,190,2724396.325,1219024.985
547,2,1,191,2724413.481979289,1219035.2921154662
547,2,1,192,2724419.858280353,1219040.252309501
547,2,1,193,2724425.235706162,1219046.1569394737
547,2,1,194,2724429.556431493,1219053.2320778968
547,2,1,195,2724431.16,1219057.036
547,2,1,196,2724433.751698057,1219067.7074596523
547,2,1,197,2724438.892214883,1219083.12901013
547,2,1,198,2724441.332,1219088.44
547,2,1,199,2724447.712,1219100.089
547,2,1,200,2724448.986,1219102.415
547,2,1,201,2724449.548,1219102.202
547,2,1,202,2724452.676,1219101.02
547,2,1,203,2724455.95,1219101.168
547,2,1,204,2724459.93,1219101.442
547,2,1,205,2724465.824,1219106.2550000001
547,2,1,206,2724469.505,1219109.0690000001
547,2,1,207,2724472.417,1219116.2750000001
547,2,1,208,2724472.8340000003,1219116.966
547,2,1,209,2724472.279,1219126.386
547,2,1,210,2724478.369,1219136.537
547,2,1,211,2724478.1,1219139.6
547,2,1,212,2724505.986,1219185.408
547,2,1,213,2724519.2600000002,1219197.243
547,2,1,214,2724530.947,1219211.904
547,2,1,215,2724535.417,1219223.954
547,2,1,216,2724543.968,1219232.311
547,2,1,217,2724543.191,1219241.251
547,2,1,218,2724546.883,1219256.021
547,2,1,219,2724557.2600000002,1219257.743
547,2,1,220,2724568.000041714,1219261.4029713217
547,2,1,221,2724568.395105,1219262.172368
547,2,1,222,2724568.7600000002,1219283.244
547,2,1,223,2724561.685,1219292.242
547,2,1,224,2724566.291,1219308.931
547,2,1,225,2724573.122,1219347.698
547,2,1,226,2724574.095000003,1219350.6570000001
547,2,1,227,2724574.095,1219350.6570000001
547,2,1,228,2724574.4519151757,1219351.7420077273
547,2,1,229,2724574.452,1219351.742
547,2,1,230,2724574.626404191,1219353.5771292488
547,2,1,231,2724577.2600000002,1219385.744
547,2,1,232,2724573.7600000002,1219405.744
547,2,1,233,2724570.7600000002,1219424.745
547,2,1,234,2724573.7600000002,1219439.245
547,2,1,235,2724580.7600000002,1219455.245
547,2,1,236,2724578.7600000002,1219482.745
547,2,1,237,2724572.7600000002,1219502.245
547,2,1,238,2724566.2600000002,1219520.245
547,2,1,239,2724568.799,1219546.5690000001
547,2,1,240,2724575.678,1219561.915
547,2,1,241,2724577.2600000002,1219583.246
547,2,1,242,2724572.2600000002,1219601.246
547,2,1,243,2724571.426,1219616.053
547,2,1,244,2724574.211,1219623.338
547,2,1,245,2724577.183,1219630.483
547,2,1,246,2724580.7481936645,1219644.586347238
547,2,1,247,2724582.822,1219652.79
547,2,1,248,2724584.4661074234,1219658.976363535
547,2,1,249,2724586.313649,1219664.096041
547,2,1,250,2724587.654,1219667.193
547,2,1,251,2724588.592,1219669.146
547,2,1,252,2724592.52,1219679.442
547,2,1,253,2724597.166233156,1219690.9767961171
547,2,1,254,2724603.128,1219709.445
547,2,1,255,2724605.1350000002,1219713.17
547,2,1,256,2724612.005,1219720.839
547,2,1,257,2724629.738,1219728.19
547,2,1,258,2724628.048,1219732.183
547,2,1,259,2724631.6210000003,1219733.817
547,2,1,260,2724676.02,1219757.371
547,2,1,261,2724693.633,1219763.8630000001
547,2,1,262,2724698.005,1219756.78
547,2,1,263,2724714.965,1219757.396
547,2,1,264,2724735.114,1219754.878
547,2,1,265,2724760.805,1219753.996
547,2,1,266,2724776.153,1219743.446
547,2,1,267,2724794.251,1219742.414
547,2,1,268,2724840.6720000003,1219733.108
547,2,1,269,2724848.372,1219742.865
547,2,1,270,2724854.049726748,1219748.128167435
547,2,1,271,2724859.4930000002,1219753.174
547,2,1,272,2724861.1461459505,1219757.1521331263
547,2,1,273,2724867.6529360744,1219763.0805419057
547,2,1,274,2724870.2651797757,1219763.0515169757
547,2,1,275,2724872.313933815,1219764.8756784548
547,2,1,276,2724873.8705355255,1219766.2616392993
547,2,1,277,2724873.002963509,1219772.1900480788
548,1,1,1,2725825.871672371,1219932.3994006487
548,1,1,2,2725826.589660623,1219933.394793453
548,1,1,3,2725830.955285623,1219935.6437517863
548,1,1,4,2725833.8657022896,1219940.538543453
548,1,1,5,2725838.3636189564,1219941.7291684537
548,1,1,6,2725842.464660623,1219942.6552101204
548,1,1,7,2725848.2854939564,1219945.6979184537
548,1,1,8,2725854.767785623,1219945.6979184537
548,1,1,9,2725855.17328834,1219945.9006698122
548,1,1,10,2725857.347473122,1219944.9041684538
548,1,1,11,2725857.6395294727,1219944.8933515518
548,1,1,12,2725856.88445229,1219943.7135434535
548,1,1,13,2725854.1063272897,1219937.8927101202
548,1,1,14,2725852.386535623,1219934.7177101201
548,1,1,15,2725850.2698689564,1219931.8072934535
548,1,1,16,2725847.624035623,1219927.9708351202
548,1,1,17,2725844.97820229,1219924.7958351201
548,1,1,18,2725843.884781009,1219922.0285752635
548,1,1,19,2725842.59695229,1219919.5041684536
548,1,1,20,2725846.433410623,1219919.5041684536
548,1,1,21,2725852.2542439564,1219924.1343767869
548,1,1,22,2725852.711566501,1219925.890293916
548,1,1,23,2725857.6782022896,1219928.8968767868
548,1,1,24,2725861.382368956,1219931.6750017868
548,1,1,25,2725864.292785623,1219935.246876787
548,1,1,26,2725865.880285623,1219939.3479184536
548,1,1,27,2725867.070910623,1219942.2583351203
548,1,1,28,2725867.5339314556,1219944.6395851206
548,1,1,29,2725868.5261189556,1219946.5578142873
548,1,1,30,2725871.833410622,1219951.3864601206
548,1,1,31,2725875.6698689554,1219954.0984392872
548,1,1,32,2725879.3740356225,1219955.5536476206
548,1,1,33,2725880.9615356224,1219957.5380226206
548,1,1,34,2725884.9302856224,1219958.9932309538
548,1,1,35,2725890.8834106224,1219963.623439287
548,1,1,36,2725898.5018042023,1219969.7042492605
548,1,1,37,2725903.5462035914,1219963.4250017877
548,1,1,38,2725905.154,1219963.085
548,1,1,39,2725908.559,1219965.795
548,1,1,40,2725908.5272962945,1219965.7697673885
548,1,1,41,2725909.30709226,1219965.3018898088
548,1,1,42,2725920.2873005937,1219961.2008481422
548,1,1,43,2725921.310746037,1219961.132618446
548,1,1,44,2725921.1782022896,1219960.7791684535
548,1,1,45,2725911.7854939564,1219951.6510434535
548,1,1,46,2725898.9532022895,1219943.184376787
548,1,1,47,2725886.3854939565,1219937.0989601202
548,1,1,48,2725874.8761189566,1219931.0135434535
548,1,1,49,2725858.86882729,1219922.1500017869
548,1,1,50,2725854.370910623,1219918.8427101201
548,1,1,51,2725853.397541508,1219917.8085054355
548,1,1,52,2725851.204,1219917.023
548,1,1,53,2725850.48638171,1219916.7308107538
548,1,1,54,2725848.020910623,1219916.8583351204
548,1,1,55,2725842.067785623,1219915.006251787
548,1,1,56,2725834.7917439565,1219911.831251787
548,1,1,57,2725825.92820229,1219911.3020851202
548,1,1,58,2725819.8427856234,1219911.037501787
548,1,1,59,2725812.302160623,1219910.3760434536
548,1,1,60,2725808.730285623,1219909.7145851203
548,1,1,61,2725801.4542439566,1219909.450001787
548,1,1,62,2725801.0573689565,1219910.9052101204
548,1,1,63,2725798.94070229,1219915.2708351202
548,1,1,64,2725797.35320229,1219919.2395851202
548,1,1,65,2725795.36882729,1219923.4729184536
548,1,1,66,2725791.00320229,1219924.6635434537
548,1,1,67,2725789.5479939566,1219926.6479184537
548,1,1,68,2725789.01882729,1219928.7645851204
548,1,1,69,2725789.01882729,1219936.5697934537
548,1,1,70,2725791.40007729,1219942.1260434536
548,1,1,71,2725795.236535623,1219943.8458351204
548,1,1,72,2725803.0417439565,1219941.9937517869
548,1,1,73,2725806.745910623,1219937.231251787
548,1,1,74,2725812.1698689563,1219935.9083351204
548,1,1,75,2725819.18132729,1219934.5854184537
548,1,1,76,2725821.6948689567,1219933.7916684537
548,1,1,77,2725825.871672371,1219932.3994006487
548,1,2,1,2725830.69070229,1219927.5739601196
548,1,2,2,2725833.46882729,1219931.410418453
548,1,2,3,2725837.9667439563,1219934.8500017864
548,1,2,4,2725841.2740356233,1219934.3208351196
548,1,2,5,2725841.8032022896,1219931.807293453
548,1,2,6,2725839.8188272896,1219929.029168453
548,1,2,7,2725836.64382729,1219926.7802101197
548,1,2,8,2725832.67507729,1219926.9125017864
548,1,2,9,2725830.69070229,1219927.5739601196
551,1,1,1,2725825.871672371,1219932.3994006487
551,1,1,2,2725826.589660623,1219933.394793453
551,1,1,3,2725830.955285623,1219935.6437517863
551,1,1,4,2725833.8657022896,1219940.538543453
551,1,1,5,2725838.3636189564,1219941.7291684537
551,1,1,6,2725842.464660623,1219942.6552101204
551,1,1,7,2725848.2854939564,1219945.6979184537
551,1,1,8,2725854.767785623,1219945.6979184537
551,1,1,9,2725855.17328834,1219945.9006698122
551,1,1,10,2725854.1724731224,1219946.3593767872
551,1,1,11,2725857.347473122,1219944.9041684538
551,1,1,12,2725859.1334106224,1219944.8380226204
551,1,1,13,2725857.6395294727,1219944.8933515518
551,1,1,14,2725860.919348123,1219943.382814287
551,1,1,15,2725863.3667439567,1219943.1182309536
551,1,1,16,2725865.9464314566,1219943.0520851202
551,1,1,17,2725867.1964141987,1219942.903782083
551,1,1,18,2725867.5339314556,1219944.6395851206
551,1,1,19,2725868.5261189556,1219946.5578142873
551,1,1,20,2725871.833410622,1219951.3864601206
551,1,1,21,2725875.6698689554,1219954.0984392872
551,1,1,22,2725879.3740356225,1219955.5536476206
551,1,1,23,2725880.9615356224,1219957.5380226206
551,1,1,24,2725884.9302856224,1219958.9932309538
551,1,1,25,2725890.8834106224,1219963.623439287
551,1,1,26,2725898.5018042023,1219969.7042492605
551,1,1,27,2725899.1396272117,1219968.9102898194
551,1,1,28,2725903.5462035914,1219963.4250017877
551,1,1,29,2725905.154,1219963.085
551,1,1,30,2725902.508,1219969.401
551,1,1,31,2725901.386111,1219971.492788
551,1,1,32,2725901.333794726,1219971.5957655786
551,1,1,33,2725900.311,1219973.609
551,1,1,34,2725899.936967,1219974.561811
551,1,1,35,2725899.454906,1219975.957707
551,1,1,36,2725899.041918,1219977.375575
551,1,1,37,2725898.699,1219978.812
551,1,1,38,2725898.360495,1219980.085047
551,1,1,39,2725897.961815,1219981.886327
551,1,1,40,2725897.813915203,1219982.754526951
551,1,1,41,2725895.5487589263,1219985.9063168922
551,1,1,42,2725889.5956339263,1219985.244858559
551,1,1,43,2725887.2143839267,1219982.466733559
551,1,1,44,2725884.9654255933,1219977.5719418924
551,1,1,45,2725879.73990476,1219972.5779314756
551,1,1,46,2725875.37427976,1219970.461264809
551,1,1,47,2725871.40552976,1219963.0529314755
551,1,1,48,2725871.273238093,1219960.4070981422
551,1,1,49,2725868.7596964263,1219957.2320981422
551,1,1,50,2725866.24615476,1219954.4539731422
551,1,1,51,2725864.7909464263,1219950.882098142
551,1,1,52,2725862.0128214266,1219948.103973142
551,1,1,53,2725860.0284464266,1219947.8393898087
551,1,1,54,2725858.4409464267,1219947.9716814754
551,1,1,55,2725854.440371487,1219949.6493419344
551,1,1,56,2725854.33990476,1219949.6914731422
551,1,1,57,2725852.4878214267,1219949.2945981422
551,1,1,58,2725848.5190714267,1219949.1623064755
551,1,1,59,2725844.9471964263,1219949.5591814755
551,1,1,60,2725840.84615476,1219946.913348142
551,1,1,61,2725839.7878214265,1219947.1779314755
551,1,1,62,2725838.9940714263,1219947.3102231422
551,1,1,63,2725837.67115476,1219947.1779314755
551,1,1,64,2725833.768758992,1219945.0513450177
551,1,1,65,2725831.7841755934,1219943.9698585588
551,1,1,66,2725830.7258422603,1219943.0438168922
551,1,1,67,2725827.8327495027,1219937.2576313769
551,1,1,68,2725827.4846964264,1219936.991473142
551,1,1,69,2725825.235738093,1219940.166473142
551,1,1,70,2725822.7221964267,1219941.6216814755
551,1,1,71,2725817.4305297597,1219943.2091814755
551,1,1,72,2725812.8003214267,1219942.4154314755
551,1,1,73,2725810.154488093,1219942.0185564754
551,1,1,74,2725808.8315714267,1219942.5477231422
551,1,1,75,2725804.8628214267,1219945.8550148087
551,1,1,76,2725799.17427976,1219950.2206398088
551,1,1,77,2725790.44302976,1219950.7498064756
551,1,1,78,2725785.1513630934,1219947.3102231422
551,1,1,79,2725781.1826130934,1219942.680014809
551,1,1,80,2725781.1826130934,1219933.9487648087
551,1,1,81,2725784.2253214265,1219926.0112648087
551,1,1,82,2725787.283,1219915.246
551,1,1,83,2725788.119724753,1219916.2359972843
551,1,1,84,2725790.238391092,1219916.4945330368
551,1,1,85,2725791.726672342,1219915.4692726203
551,1,1,86,2725792.1400838,1219914.3944028285
551,1,1,87,2725793.3968546335,1219912.128908037
551,1,1,88,2725793.7937296336,1219911.4674497035
551,1,1,89,2725794.256750467,1219910.2602882453
551,1,1,90,2725794.058312967,1219909.3177101202
551,1,1,91,2725793.7540558954,1219908.0545548694
551,1,1,92,2725792.1776501965,1219907.497280347
551,1,1,93,2725792.183798,1219907.482922
551,1,1,94,2725792.493038,1219907.244928
551,1,1,95,2725792.813582,1219907.022395
551,1,1,96,2725793.14466,1219906.815857
551,1,1,97,2725793.485473,1219906.625814
551,1,1,98,2725793.8352,1219906.452723
551,1,1,99,2725794.193,1219906.297
551,1,1,100,2725794.305531,1219906.250627
551,1,1,101,2725794.677254,1219906.111211
551,1,1,102,2725795.055371,1219905.990203
551,1,1,103,2725795.43897,1219905.887893
551,1,1,104,2725795.827126,1219905.804529
551,1,1,105,2725796.218906,1219905.740312
551,1,1,106,2725796.613365,1219905.695395
551,1,1,107,2725797.009553,1219905.669888
551,1,1,108,2725797.406514,1219905.663851
551,1,1,109,2725797.803295,1219905.6773
551,1,1,110,2725798.198937,1219905.710202
551,1,1,111,2725798.592488,1219905.762477
551,1,1,112,2725798.983,1219905.834
551,1,1,113,2725807.919,1219906.076
551,1,1,114,2725810.987,1219906.119
551,1,1,115,2725814.52,1219905.858
551,1,1,116,2725819.768,1219905.968
551,1,1,117,2725825.938,1219907.212
551,1,1,118,2725838.231,1219911.114
551,1,1,119,2725847.38,1219915.466
551,1,1,120,2725850.48638171,1219916.7308107538
551,1,1,121,2725848.020910623,1219916.8583351204
551,1,1,122,2725842.067785623,1219915.006251787
551,1,1,123,2725834.7917439565,1219911.831251787
551,1,1,124,2725825.92820229,1219911.3020851202
551,1,1,125,2725819.8427856234,1219911.037501787
551,1,1,126,2725812.302160623,1219910.3760434536
551,1,1,127,2725808.730285623,1219909.7145851203
551,1,1,128,2725801.4542439566,1219909.450001787
551,1,1,129,2725801.0573689565,1219910.9052101204
551,1,1,130,2725798.94070229,1219915.2708351202
551,1,1,131,2725797.35320229,1219919.2395851202
551,1,1,132,2725795.36882729,1219923.4729184536
551,1,1,133,2725791.00320229,1219924.6635434537
551,1,1,134,2725789.5479939566,1219926.6479184537
551,1,1,135,2725789.01882729,1219928.7645851204
551,1,1,136,2725789.01882729,1219936.5697934537
551,1,1,137,2725791.40007729,1219942.1260434536
551,1,1,138,2725795.236535623,1219943.8458351204
551,1,1,139,2725803.0417439565,1219941.9937517869
551,1,1,140,2725806.745910623,1219937.231251787
551,1,1,141,2725812.1698689563,1219935.9083351204
551,1,1,142,2725819.18132729,1219934.5854184537
551,1,1,143,2725821.6948689567,1219933.7916684537
551,1,1,144,2725825.871672371,1219932.3994006487
551,2,1,1,2725902.508,1219969.401
551,2,1,2,2725902.455352286,1219969.4991628812
551,2,1,3,2725902.525077289,1219969.4732114226
551,2,1,4,2725902.5372517444,1219969.3311761082
551,2,1,5,2725902.508,1219969.401
551,3,1,1,2725929.2770000002,1219965.769
551,3,1,2,2725929.1251838244,1219965.359615355
551,3,1,3,2725928.489383927,1219964.772723142
551,3,1,4,2725929.125183824,1219965.3596153543
551,3,1,5,2725927.873,1219961.983
551,3,1,6,2725925.758,1219959.198
551,3,1,7,2725919.127,1219951.841
551,3,1,8,2725916.408,1219949.463
551,3,1,9,2725913.101,1219947.907
551,3,1,10,2725909.558,1219946.247
551,3,1,11,2725907.066,1219944.709
551,3,1,12,2725900.674,1219940.596
551,3,1,13,2725894.664,1219937.917
551,3,1,14,2725888.852,1219935.096
551,3,1,15,2725882.54,1219931.943
551,3,1,16,2725878.209,1219929.611
551,3,1,17,2725860.799,1219920.991
551,3,1,18,2725856.507,1219918.922
551,3,1,19,2725853.397541508,1219917.8085054355
551,3,1,20,2725854.370910623,1219918.8427101201
551,3,1,21,2725858.86882729,1219922.1500017869
551,3,1,22,2725874.8761189566,1219931.0135434535
551,3,1,23,2725886.3854939565,1219937.0989601202
551,3,1,24,2725898.9532022895,1219943.184376787
551,3,1,25,2725911.7854939564,1219951.6510434535
551,3,1,26,2725921.1782022896,1219960.7791684535
551,3,1,27,2725921.310746037,1219961.132618446
551,3,1,28,2725922.2716755937,1219961.0685564755
551,3,1,29,2725920.2873005937,1219961.2008481422
551,3,1,30,2725909.30709226,1219965.3018898088
551,3,1,31,2725908.5272962945,1219965.7697673885
551,3,1,32,2725908.559,1219965.795
551,3,1,33,2725906.499,1219969.388
551,3,1,34,2725905.495,1219970.813
551,3,1,35,2725904.284787,1219972.977294
551,3,1,36,2725903.361,1219974.819
551,3,1,37,2725902.963258,1219975.908893
551,3,1,38,2725902.619474,1219977.016989
551,3,1,39,2725902.330475,1219978.140619
551,3,1,40,2725902.096958,1219979.277076
551,3,1,41,2725901.994,1219979.896
551,3,1,42,2725901.769703,1219981.302968
551,3,1,43,2725901.614712,1219982.719246
551,3,1,44,2725901.529402,1219984.141424
551,3,1,45,2725901.517,1219984.59
551,3,1,46,2725901.636461,1219987.192405
551,3,1,47,2725901.6899476345,1219987.7940614282
551,3,1,48,2725903.486258927,1219982.7643898088
551,3,1,49,2725909.0425089267,1219976.0175148088
551,3,1,50,2725921.61021726,1219970.0643898088
551,3,1,51,2725924.9175089267,1219968.6091814756
551,3,1,52,2725930.1479999945,1219968.2380000004
551,3,1,53,2725930.148,1219968.2380000001
551,3,1,54,2725930.148,1219968.238
551,3,1,55,2725929.2770000002,1219965.769
