"Daten ID";"Entnahmedatum";"Entnahmezeit";"Witterung";"Schüttungsmenge";"Wassertemperatur";"Trübung";"Elektr Leitfähigkeit";"pH-Wert";"Sauerstoff";"Sauerstoffsättigung";"Chemische Analysen";"Bakteriologische Analysen";"Bemerkungen Messdaten"
22;23.03.1998 00:00:00;;"Schneefall";6000.00;7.60;;303.00;;;;;;
23;23.03.1998 00:00:00;;"Schneefall";126.30;7.40;;229.00;;;;;;
24;23.03.1998 00:00:00;;"Schneefall";40.00;8.00;;285.00;;;;;;
25;23.03.1998 00:00:00;;"Schneefall";10.00;6.40;;250.00;;;;;;
26;23.03.1998 00:00:00;;"Schneefall";26.90;6.80;;282.00;;;;;;
27;06.05.1998 00:00:00;;"schön";;5.30;;189.00;;;;;;
28;06.05.1998 00:00:00;;"schön";28.00;5.30;;213.00;;;;;;
30;05.05.1998 00:00:00;;"schön";147.00;6.20;;380.00;;;;;;
31;05.05.1998 00:00:00;;"schön";46.40;7.10;;377.00;;;;;;
32;05.05.1998 00:00:00;;"schön";;6.10;;362.00;;;;;;
33;05.05.1998 00:00:00;;"schön";10.80;4.70;;321.00;;;;;;
35;05.05.1998 00:00:00;;"schön";18.30;6.40;;300.00;;;;;;
36;28.03.1998 00:00:00;;"Schneefall";300.00;8.00;;362.00;;;;;;
37;05.05.1998 00:00:00;;"schön";60.00;7.50;;387.00;;;;;;"Schüttung >60 l/min"
38;06.05.1998 00:00:00;;"schön";100.00;6.40;;362.00;;;;;;"Schüttung 6.5.98 > 100 l/min"
40;06.05.1998 00:00:00;;"schön";;6.40;;360.00;;;;;;"Schüttung nicht messbar, Überlauf 20 - 30 l/min"
41;05.05.1998 00:00:00;;"schön";30.00;6.80;;272.00;;;;;;"Im Schacht Überlauf; Schüttung grösser als 30 l/min"
42;06.05.1998 00:00:00;;"schön";100.00;6.90;;332.00;;;;;;"Schüttung nicht messbar, > 100 l/min"
74;06.05.1998 00:00:00;;"schön";6.80;7.50;;374.00;;;;;;
73;05.05.1998 00:00:00;;"schön";;5.50;;199.00;;;;;;"Schüttung nicht messbar"
72;06.05.1998 00:00:00;;"schön";;6.30;;437.00;;;;;;"Schüttung nicht messbar"
71;06.05.1998 00:00:00;;"schön";10.20;6.40;;302.00;;;;;;
70;06.05.1998 00:00:00;;"schön";;6.00;;355.00;;;;;;"Schüttung nicht messbar"
69;06.05.1998 00:00:00;;"schön";30.00;7.10;;312.00;;;;;;"Schüttung nicht messbar; Überlauf 30 l/min"
67;05.05.1998 00:00:00;;"schön";60.00;5.40;;365.00;;;;;;
68;05.05.1998 00:00:00;;"schön";;5.80;;366.00;;;;;;"Schüttung nicht messbar"
66;05.05.1998 00:00:00;;"schön";8.00;5.80;;325.00;;;;;;
65;05.05.1998 00:00:00;;"schön";;6.50;;311.00;;;;;;"Schüttung nicht messbar"
64;05.05.1998 00:00:00;;"schön";;6.80;;312.00;;;;;;"Schüttung nicht messbar; Überlauf 30 l/min"
63;23.03.1998 00:00:00;;"Schneefall";2.20;7.60;;419.00;;;;;;
615;05.05.1998 00:00:00;;"schön";11.00;6.70;;300.00;;;;;;"Schüttung im Brunnen gemessen; Ertrag grösser"
616;05.05.1998 00:00:00;;"schön";20.00;6.30;;302.00;;;;;;
612;05.05.1998 00:00:00;;"schön";;7.20;;293.00;;;;;;
49;26.03.1998 00:00:00;;"schön";;7.80;;468.00;;;;;;"Schüttung nicht messbar; gemäss Herrn Zimmermann klein"
54;26.03.1998 00:00:00;;"schön";4000.00;8.10;;428.00;;;;;;"Schüttung ca. 4000 l/min"
55;26.03.1998 00:00:00;;"schön";;7.90;;547.00;;;;;;"Schüttung nicht messbar"
57;26.03.1998 00:00:00;;"schön";;8.40;;464.00;;;;;;"Schüttung nicht messbar"
61;26.03.1998 00:00:00;;"schön";40.00;8.80;;421.00;;;;;;
755;25.03.1998 00:00:00;;"schön";51.60;5.70;;152.00;;;;;;
17;17.03.1996 00:00:00;;;30.00;4.90;;;;;;;;
5;27.05.1996 00:00:00;;;137.00;5.00;;;;;;;;
5;25.03.1998 00:00:00;;"schön";44.10;5.20;;160.00;;;;;;
25;17.03.1996 00:00:00;;;30.00;4.90;;;;;;;;
3;27.05.1996 00:00:00;;;240.00;5.00;;;;;;;;
4;25.03.1998 00:00:00;;"schön";19.00;5.40;;125.00;;;;;;
4;17.03.1996 00:00:00;;;10.00;4.80;;;;;;;;
4;27.05.1996 00:00:00;;;65.00;6.00;;;;;;;;
5;25.03.1998 00:00:00;;"schön";81.30;5.10;;136.00;;;;;;
5;17.03.1996 00:00:00;;;31.00;4.80;;;;;;;;
5;27.05.1996 00:00:00;;;115.00;5.30;;;;;;;;
6;25.03.1998 00:00:00;;"schön";353.00;5.20;;141.00;;;;;;
6;17.03.1996 00:00:00;;;0.00;;;;;;;;;
6;27.05.1996 00:00:00;;;1500.00;5.10;;;;;;;;
7;25.03.1998 00:00:00;;"schön";38.00;4.90;;86.00;;;;;;
7;29.09.1996 00:00:00;;;44.00;4.90;;;;;;;;
7;10.12.1995 00:00:00;;;16.00;4.80;;;;;;;;
8;25.03.1998 00:00:00;;"schön";49.20;5.00;;91.00;;;;;;
8;29.09.1996 00:00:00;;;63.00;4.90;;;;;;;;
8;10.12.1995 00:00:00;;;30.00;4.90;;;;;;;;
9;10.12.1995 00:00:00;;;100.00;4.60;;;;;;;;
9;28.05.1995 00:00:00;;;300.00;4.70;;;;;;;;
10;10.12.1995 00:00:00;;;100.00;4.70;;;;;;;;
10;28.05.1995 00:00:00;;;1150.00;4.30;;;;;;;;
12;25.03.1998 00:00:00;;"schön";;7.20;;215.00;;;;;;
14;25.03.1998 00:00:00;;"schön";1.40;4.20;;284.00;;;;;;
16;25.03.1998 00:00:00;;"schön";31.00;8.70;;428.00;;;;;;
17;25.03.1998 00:00:00;;"schön";30.00;6.80;;133.00;;;;;;
20;25.03.1998 00:00:00;;"schön";235.00;6.60;;167.00;;;;;;
610;25.03.1998 00:00:00;;"schön";7.80;2.40;;68.00;;;;;;
611;25.03.1998 00:00:00;;"schön";3.50;6.70;;366.00;;;;;;
613;25.03.1998 00:00:00;;"schön";7.70;8.50;;375.00;;;;;;
196;19.06.1998 00:00:00;;"Trocken";164.00;7.80;;392.00;;;;;;
196;19.06.1998 00:00:00;;"Trocken";164.00;7.80;;392.00;;;;;;
197;23.06.1998 00:00:00;;"trocken";80.30;7.00;;351.00;;;;;;
198;23.06.1998 00:00:00;;"trocken";377.00;6.50;;348.00;;;;;;
199;23.06.1998 00:00:00;;"trocken";163.00;6.80;;362.00;;;;;;
200;19.06.1998 00:00:00;;"trocken";607.00;7.20;;306.00;;;;;;
201;23.06.1998 00:00:00;;"trocken";103.70;8.40;;299.00;;;;;;
202;23.06.1998 00:00:00;;"trocken";9.98;8.90;;496.00;;;;;;
203;23.06.1998 00:00:00;;"trocken";2.80;11.40;;527.00;;;;;;
204;23.06.1998 00:00:00;;"trocken";22.80;9.60;;436.00;;;;;;
205;23.06.1998 00:00:00;;"trocken";52.00;9.80;;404.00;;;;;;
206;23.06.1998 00:00:00;;"trocken";;9.90;;432.00;;;;;;"Schüttung nicht messbar"
207;23.06.1998 00:00:00;;"trocken";5.50;9.20;;435.00;;;;;;
208;23.06.1998 00:00:00;;"trocken";106.00;8.50;;368.00;;;;;;"Schüttung Quelle mitte und oben"
209;23.06.1998 00:00:00;;"trocken";1.60;12.50;;540.00;;;;;;
210;19.06.1998 00:00:00;;"trocken";7.00;8.70;;212.00;;;;;;
211;19.06.1998 00:00:00;;"trocken";15.90;7.10;;421.00;;;;;;"Schüttung Einlauf rechts und links"
212;19.06.1998 00:00:00;;"trocken";3.80;6.90;;355.00;;;;;;
213;19.06.1998 00:00:00;;"trocken";13.00;4.80;;245.00;;;;;;
214;19.06.1998 00:00:00;;"trocken";30.50;5.60;;306.00;;;;;;"im Reservoir gemessen"
215;19.06.1998 00:00:00;;"trocken";9.00;5.80;;380.00;;;;;;
216;19.06.1998 00:00:00;;"trocken";4.60;4.20;;290.00;;;;;;
217;19.06.1998 00:00:00;;"trocken";11.70;5.10;;315.00;;;;;;"Schüttung total Quellen ober Niedern"
218;23.06.1998 00:00:00;;"trocken";0.75;15.90;;503.00;;;;;;
221;23.06.1998 00:00:00;;"trocken";19.00;11.70;;343.00;;;;;;
222;23.06.1998 00:00:00;;"trocken";141.00;8.40;;299.00;;;;;;
223;23.06.1998 00:00:00;;"trocken";81.00;7.50;;324.00;;;;;;
248;23.06.1998 00:00:00;;"trocken";161.00;6.40;;349.00;;;;;;
249;23.06.1998 00:00:00;;"trocken";93.00;6.50;;355.00;;;;;;
250;19.06.1998 00:00:00;;"trocken";343.00;7.20;;356.00;;;;;;
636;23.06.1998 00:00:00;;"trocken";31.00;7.80;;320.00;;;;;;
637;23.06.1998 00:00:00;;"trocken";4.60;8.50;;374.00;;;;;;"Gesamtschüttung Einlauf 1 + 2"
638;23.06.1998 00:00:00;;"trocken";2.40;13.00;;6.25;;;;;;
639;23.06.1998 00:00:00;;"trocken";19.00;9.20;;342.00;;;;;;
640;19.06.1998 00:00:00;;"trocken";6.80;5.80;;333.00;;;;;;
641;19.06.1998 00:00:00;;"trocken";8.70;7.10;;356.00;;;;;;
645;19.06.1998 00:00:00;;"trocken";24.00;5.20;;316.00;;;;;;
714;19.06.1998 00:00:00;;"trocken";6.00;6.90;;347.00;;;;;;
715;19.06.1998 00:00:00;;"trocken";30.00;4.80;;319.00;;;;;;
716;19.06.1998 00:00:00;;"trocken";11.70;4.90;;297.00;;;;;;"Gesamt-Schüttung Quellen Ober Niederen"
717;19.06.1998 00:00:00;;"trocken";11.70;4.80;;277.00;;;;;;"Gesamt-Schüttung Quellen Ober Niederen"
718;19.06.1998 00:00:00;;"trocken";11.70;5.60;;256.00;;;;;;"Gesamt-Schüttung Quellen Ober Niedern"
719;23.06.1998 00:00:00;;"trocken";106.00;8.30;;349.00;;;;;;"Schüttung Quellen oben und mitte"
720;19.06.1998 00:00:00;;"trocken";;9.40;;360.00;;;;;;"Schüttung nicht messbar: tropft nur"
721;19.06.1998 00:00:00;;"trocken";3.00;15.50;;465.00;;;;;;
770;28.08.1998 00:00:00;;"trocken";5.30;10.30;;462.00;;;;;;
768;20.08.1998 00:00:00;;"trocken";6.80;10.50;;401.00;;;;;;
767;20.08.1998 00:00:00;;"trocken";10.00;9.10;;412.00;;;;;;
766;20.08.1998 00:00:00;;"trocken";8.00;9.70;;404.00;;;;;;
765;20.08.1998 00:00:00;;"trocken";;10.20;;421.00;;;;;;
763;20.08.1998 00:00:00;;"trocken";1.00;;;;;;;;;
762;20.08.1998 00:00:00;;"trocken";1.00;8.00;;529.00;;;;;;
761;20.08.1998 00:00:00;;"trocken";1.50;10.00;;416.00;;;;;;
760;28.08.1998 00:00:00;;"trocken";12.80;9.40;;233.00;;;;;;
759;20.08.1998 00:00:00;;"trocken";1.00;14.10;;431.00;;;;;;
758;20.08.1998 00:00:00;;"trocken";1.00;12.60;;467.00;;;;;;
757;20.08.1998 00:00:00;;"trocken";1.00;15.40;;424.00;;;;;;
685;20.08.1998 00:00:00;;"trocken";4.00;7.80;;352.00;;;;;;
756;20.08.1998 00:00:00;;"trocken";3.00;9.80;;491.00;;;;;;
755;20.08.1998 00:00:00;;"trocken";2.40;5.00;;192.00;;;;;;
224;14.07.1998 00:00:00;;;5.20;12.70;;272.00;;;;;;
226;17.07.1998 00:00:00;;;190.00;7.50;;262.00;;;;;;
561;14.07.1998 00:00:00;;;479.20;7.90;;253.00;;;;;;"3 Einläufe (Mischprobe)"
564;14.07.1998 00:00:00;;;;8.10;;255.00;;;;;;
566;14.07.1998 00:00:00;;;14.80;8.50;;258.00;;;;;;
754;20.08.1998 00:00:00;;"trocken";26.50;5.40;;214.00;;;;;;
753;01.07.1998 00:00:00;;"trocken";12.30;6.10;;285.00;;;;;;
752;01.07.1998 00:00:00;;"trocken";47.40;6.20;;182.00;;;;;;
751;01.07.1998 00:00:00;;"trocken";150.00;4.80;;201.00;;;;;;
750;01.07.1998 00:00:00;;"trocken";5.00;5.10;;260.00;;;;;;
684;20.08.1998 00:00:00;;"trocken";0.50;13.80;;422.00;;;;;;
683;20.08.1998 00:00:00;;"trocken";3.80;8.70;;256.00;;;;;;
681;01.07.1998 00:00:00;;"trocken";33.00;6.90;;410.00;;;;;;
680;01.07.1998 00:00:00;;"trocken";10.90;6.10;;466.00;;;;;;
679;20.08.1998 00:00:00;;"trocken";10.00;15.00;;353.00;;;;;;
678;28.08.1998 00:00:00;;"trocken";7.00;9.50;;227.00;;;;;;
677;20.08.1998 00:00:00;;"trocken";1.20;16.20;;317.00;;;;;;
676;20.08.1998 00:00:00;;"trocken";7.00;12.00;;304.00;;;;;;
675;20.08.1998 00:00:00;;"trocken";18.30;7.50;;310.00;;;;;;
674;01.07.1998 00:00:00;;"trocken";4.00;8.20;;294.00;;;;;;
673;01.07.1998 00:00:00;;"trocken";5.00;5.60;;213.00;;;;;;
672;20.08.1998 00:00:00;;"trocken";;6.30;;221.00;;;;;;
671;20.08.1998 00:00:00;;"trocken";;6.60;;195.00;;;;;;
670;01.07.1998 00:00:00;;"trocken";75.00;6.30;;188.00;;;;;;
669;01.07.1998 00:00:00;;"trocken";142.00;4.00;;186.00;;;;;;
668;01.07.1998 00:00:00;;"trocken";1.00;6.60;;301.00;;;;;;
667;01.07.1998 00:00:00;;"trocken";228.00;5.50;;210.00;;;;;;
666;01.07.1998 00:00:00;;"trocken";40.00;5.00;;192.00;;;;;;
665;01.07.1998 00:00:00;;"trocken";55.80;3.10;;194.00;;;;;;
175;20.08.1998 00:00:00;;"trocken";800.00;7.70;;210.00;;;;;;
174;01.07.1998 00:00:00;;"trocken";9.80;8.60;;268.00;;;;;;
164;20.08.1998 00:00:00;;"trocken";300.00;5.80;;213.00;;;;;;
163;01.07.1998 00:00:00;;"trocken";500.00;5.70;;160.00;;;;;;
162;20.08.1998 00:00:00;;"trocken";40.00;6.40;;218.00;;;;;;
161;01.07.1998 00:00:00;;"trocken";176.50;4.80;;197.00;;;;;;
9;25.08.1998 00:00:00;;;300.00;6.10;;96.00;;;;;;
10;25.08.1998 00:00:00;;;600.00;5.50;;90.00;;;;;;
18;25.08.1998 00:00:00;;;;3.80;;164.00;;;;;;
19;25.08.1998 00:00:00;;;22.20;5.20;;172.00;;;;;;
52;28.08.1998 00:00:00;;;2200.00;7.70;;769.00;;;;;;
53;28.08.1998 00:00:00;;;;11.00;;215.00;;;;;;
160;17.07.1998 00:00:00;;;;8.30;;233.00;;;;;;
646;17.07.1998 00:00:00;;;10.00;3.00;;231.00;;;;;;
647;17.07.1998 00:00:00;;;25.50;7.80;;230.00;;;;;;
648;17.07.1998 00:00:00;;;15.00;5.90;;252.00;;;;;;
649;17.07.1998 00:00:00;;;;9.00;;344.00;;;;;;
786;17.07.1998 00:00:00;;;20.00;3.80;;222.00;;;;;;
423;20.07.1998 00:00:00;;;250.00;;;;;;;;;
424;20.07.1998 00:00:00;;;900.00;8.40;;194.00;;;;;;
425;20.07.1998 00:00:00;;;94.00;8.90;;220.00;;;;;;
426;20.07.1998 00:00:00;;;30.00;8.40;;228.00;;;;;;
427;20.07.1998 00:00:00;;;22.80;10.20;;215.00;;;;;;
428;20.07.1998 00:00:00;;;85.60;7.30;;199.00;;;;;;
429;20.07.1998 00:00:00;;;63.70;7.50;;202.00;;;;;;
430;20.07.1998 00:00:00;;;40.00;7.70;;219.00;;;;;;
431;20.07.1998 00:00:00;;;30.50;7.60;;213.00;;;;;;
432;20.07.1998 00:00:00;;;;7.40;;212.00;;;;;;
438;20.07.1998 00:00:00;;;;8.80;;235.00;;;;;;
439;20.07.1998 00:00:00;;;254.00;6.50;;192.00;;;;;;
575;20.07.1998 00:00:00;;;5.00;13.70;;213.00;;;;;;
722;20.07.1998 00:00:00;;;1.01;13.80;;378.00;;;;;;
723;20.07.1998 00:00:00;;;103.60;10.30;;252.00;;;;;;
724;20.07.1998 00:00:00;;;;8.50;;268.00;;;;;;
787;20.07.1998 00:00:00;;;12.80;9.40;;242.00;;;;;;
50;28.08.1998 00:00:00;;;1190.00;4.60;;204.00;;;;;;
51;28.08.1998 00:00:00;;;405.00;4.90;;212.00;;;;;;
356;04.08.1998 00:00:00;;"trocken";110.90;5.20;;249.00;;;;;;
357;04.08.1998 00:00:00;;"trocken";6.40;6.60;;333.00;;;;;;
358;04.08.1998 00:00:00;;"trocken";9.70;7.50;;342.00;;;;;;
359;04.08.1998 00:00:00;;"trocken";18.20;8.10;;355.00;;;;;;
360;04.08.1998 00:00:00;;"trocken";436.40;606.00;;201.00;;;;;;
369;04.08.1998 00:00:00;;"trocken";212.60;7.40;;187.00;;;;;;
370;04.08.1998 00:00:00;;"trocken";101.00;7.40;;158.00;;;;;;
371;04.08.1998 00:00:00;;"trocken";54.40;7.90;;156.00;;;;;;
373;04.08.1998 00:00:00;;"trocken";100.00;7.70;;111.00;;;;;;
376;04.08.1998 00:00:00;;"trocken";168.10;8.10;;175.00;;;;;;
377;04.08.1998 00:00:00;;"trocken";21.60;8.00;;180.00;;;;;;
576;28.08.1998 00:00:00;;;600.00;7.20;;1125.00;;;;;;
577;28.08.1998 00:00:00;;;600.00;6.70;;1172.00;;;;;;
726;04.08.1998 00:00:00;;"trocken";18.10;7.50;;192.00;;;;;;
727;05.08.1998 00:00:00;;"trocken";71.70;9.10;;99.00;;;;;;
728;05.08.1998 00:00:00;;"trocken";115.60;9.00;;71.00;;;;;;
729;05.08.1998 00:00:00;;"trocken";87.00;4.40;;89.00;;;;;;
730;05.08.1998 00:00:00;;"trocken";150.00;4.50;;94.00;;;;;;
731;05.08.1998 00:00:00;;"trocken";45.00;2.70;;108.00;;;;;;
732;05.08.1998 00:00:00;;"trocken";14.20;5.50;;40.00;;;;;;
733;05.08.1998 00:00:00;;"trocken";8.30;4.80;;71.00;;;;;;
742;04.08.1998 00:00:00;;"trocken";12.30;8.00;;140.00;;;;;;
361;04.08.1998 00:00:00;;"trocken";134.20;6.90;;329.00;;;;;;
362;04.08.1998 00:00:00;;"trocken";165.30;6.90;;338.00;;;;;;
363;04.08.1998 00:00:00;;"trocken";115.60;7.20;;314.00;;;;;;
365;04.08.1998 00:00:00;;"trocken";20.10;7.50;;323.00;;;;;;
366;04.08.1998 00:00:00;;"trocken";104.90;6.90;;310.00;;;;;;
367;04.08.1998 00:00:00;;"trocken";32.40;7.20;;312.00;;;;;;
368;04.08.1998 00:00:00;;"trocken";5.10;7.60;;30.00;;;;;;
378;04.08.1998 00:00:00;;"trocken";43.40;8.60;;212.00;;;;;;
379;04.08.1998 00:00:00;;"trocken";32.60;8.70;;228.00;;;;;;
380;04.08.1998 00:00:00;;"trocken";5.00;9.20;;229.00;;;;;;
578;04.08.1998 00:00:00;;"trocken";200.00;8.50;;220.00;;;;;;
725;04.08.1998 00:00:00;;"trocken";12.60;7.40;;323.00;;;;;;
334;04.08.1998 00:00:00;;"trocken";2000.00;6.10;;124.00;;;;;;
335;04.08.1998 00:00:00;;"trocken";3725.00;6.30;;102.00;;;;;;
389;21.08.1998 00:00:00;;"trocken";;5.40;;337.00;;;;;;
388;21.08.1998 00:00:00;;"trocken";35.30;5.30;;261.00;;;;;;
387;21.08.1998 00:00:00;;"trocken";;5.40;;324.00;;;;;;
785;18.08.1998 00:00:00;;"trocken";;10.30;;294.00;;;;;;
784;18.08.1998 00:00:00;;"trocken";0.00;;;;;;;;;
783;18.08.1998 00:00:00;;"trocken";0.05;9.60;;297.00;;;;;;
782;18.08.1998 00:00:00;;"trocken";;6.90;;365.00;;;;;;
781;18.08.1998 00:00:00;;"trocken";4.00;7.30;;209.00;;;;;;
780;18.08.1998 00:00:00;;"trocken";20.00;4.60;;210.00;;;;;;
779;18.08.1998 00:00:00;;"trocken";0.50;7.40;;207.00;;;;;;
778;21.08.1998 00:00:00;;"leichter Regen";0.00;;;;;;;;;
777;18.08.1998 00:00:00;;"trocken";10.00;9.20;;348.00;;;;;;
776;21.08.1998 00:00:00;;"leichter Regen";0.00;;;;;;;;;
77;06.07.1998 00:00:00;;"trocken";3.10;8.30;;350.00;;;;;;
78;06.07.1998 00:00:00;;"trocken";11.30;9.50;;517.00;;;;;;
80;06.07.1998 00:00:00;;"trocken";26.90;8.40;;375.00;;;;;;
84;06.07.1998 00:00:00;;"trocken";0.65;15.50;;423.00;;;;;;
87;06.07.1998 00:00:00;;"trocken";5.00;10.60;;374.00;;;;;;
89;18.08.1998 00:00:00;;"trocken";15.00;10.10;;395.00;;;;;;
90;18.08.1998 00:00:00;;"trocken";30.00;9.50;;391.00;;;;;;
91;18.08.1998 00:00:00;;"trocken";;10.90;;393.00;;;;;;
92;06.07.1998 00:00:00;;"trocken";12.40;16.10;;463.00;;;;;;
95;06.07.1998 00:00:00;;"trocken";5.00;13.10;;460.00;;;;;;
97;06.07.1998 00:00:00;;"trocken";21.40;10.30;;385.00;;;;;;
99;06.07.1998 00:00:00;;"trocken";;12.70;;448.00;;;;;;
100;18.08.1998 00:00:00;;"trocken";5.00;9.70;;467.00;;;;;;
101;18.08.1998 00:00:00;;"trocken";5.00;14.80;;519.00;;;;;;
102;06.07.1998 00:00:00;;"trocken";;7.90;;328.00;;;;;;
103;06.07.1998 00:00:00;;"trocken";;8.70;;329.00;;;;;;
104;06.07.1998 00:00:00;;"trocken";25.80;9.60;;350.00;;;;;;
107;06.07.1998 00:00:00;;"trocken";5.00;9.80;;351.00;;;;;;
108;06.07.1998 00:00:00;;"trocken";39.40;7.90;;350.00;;;;;;
109;06.07.1998 00:00:00;;"trocken";17.90;9.20;;377.00;;;;;;
110;06.07.1998 00:00:00;;"trocken";14.80;8.00;;319.00;;;;;;
111;06.07.1998 00:00:00;;"trocken";10.00;6.60;;262.00;;;;;;
112;06.07.1998 00:00:00;;"trocken";;7.90;;402.00;;;;;;
115;06.07.1998 00:00:00;;"trocken";3.00;6.80;;318.00;;;;;;
116;06.07.1998 00:00:00;;"trocken";5.00;7.80;;436.00;;;;;;
117;06.07.1998 00:00:00;;"trocken";20.00;8.10;;352.00;;;;;;
119;18.08.1998 00:00:00;;"trocken";1000.00;4.60;;216.00;;;;;;
120;18.08.1998 00:00:00;;"leichter Regen";;3.60;;195.00;;;;;;
121;18.08.1998 00:00:00;;"trocken";;3.20;;178.00;;;;;;
687;18.08.1998 00:00:00;;"trocken";2.50;5.20;;210.00;;;;;;
690;21.08.1998 00:00:00;;"leichter Regen";;6.90;;180.00;;;;;;
691;18.08.1998 00:00:00;;"trocken";1.50;8.70;;189.00;;;;;;
692;18.08.1998 00:00:00;;"trocken";0.00;;;;;;;;;
771;06.07.1998 00:00:00;;"trocken";;10.60;;350.00;;;;;;
772;06.07.1998 00:00:00;;"trocken";4.00;11.60;;366.00;;;;;;
773;06.07.1998 00:00:00;;"trocken";1.00;6.90;;308.00;;;;;;
775;06.07.1998 00:00:00;;"trocken";20.00;8.60;;380.00;;;;;;
474;22.07.1998 00:00:00;;;1000.00;8.00;;180.00;;;;;;
475;22.07.1998 00:00:00;;;284.60;7.90;;181.00;;;;;;
476;22.07.1998 00:00:00;;;230.80;7.80;;182.00;;;;;;
477;22.07.1998 00:00:00;;;30.00;4.80;;177.00;;;;;;
478;03.09.1998 00:00:00;;;60.00;4.80;;190.00;;;;;;
490;22.07.1998 00:00:00;;;1.20;6.40;;72.00;;;;;;
788;22.07.1998 00:00:00;;;0.50;10.50;;60.00;;;;;;
789;22.07.1998 00:00:00;;;3.10;9.60;;107.00;;;;;;
790;22.07.1998 00:00:00;;;;7.50;;65.00;;;;;;
791;22.07.1998 00:00:00;;;265.50;7.40;;64.00;;;;;;
793;22.07.1998 00:00:00;;;85.70;4.70;;173.00;;;;;;
794;26.08.1998 00:00:00;;;15.00;8.90;;369.00;;;;;;
795;26.08.1998 00:00:00;;;23.40;10.10;;302.00;;;;;;
796;26.08.1998 00:00:00;;;;11.50;;372.00;;;;;;
797;26.08.1998 00:00:00;;;2.50;9.80;;381.00;;;;;;
798;20.07.1998 00:00:00;;;;7.20;;220.00;;;;;;
393;21.07.1998 00:00:00;;;;6.30;;285.00;;;;;;
394;21.07.1998 00:00:00;;;10.00;6.70;;310.00;;;;;;
395;21.07.1998 00:00:00;;;100.00;6.40;;301.00;;;;;;
396;21.07.1998 00:00:00;;;72.30;6.40;;220.00;;;;;;
397;21.07.1998 00:00:00;;;58.50;7.60;;260.00;;;;;;
398;22.07.1998 00:00:00;;;300.00;8.00;;308.00;;;;;;
399;22.07.1998 00:00:00;;;22.20;8.10;;279.00;;;;;;
400;22.07.1998 00:00:00;;;;8.90;;265.00;;;;;;
401;22.07.1998 00:00:00;;;55.80;8.90;;267.00;;;;;;
402;22.07.1998 00:00:00;;;0.60;10.70;;306.00;;;;;;
403;21.07.1998 00:00:00;;;27.00;8.30;;273.00;;;;;;
404;22.07.1998 00:00:00;;;166.70;6.10;;181.00;;;;;;
406;21.07.1998 00:00:00;;;0.50;11.90;;321.00;;;;;;
407;22.07.1998 00:00:00;;;8.70;8.70;;270.00;;;;;;
408;21.07.1998 00:00:00;;;40.00;8.30;;158.00;;;;;;
409;22.07.1998 00:00:00;;;3.30;8.20;;231.00;;;;;;
410;21.07.1998 00:00:00;;;9.10;8.70;;140.00;;;;;;
412;21.07.1998 00:00:00;;;16.40;9.00;;181.00;;;;;;
413;22.07.1998 00:00:00;;;30.00;7.60;;298.00;;;;;;
415;21.07.1998 00:00:00;;;;7.40;;420.00;;;;;;
418;21.07.1998 00:00:00;;;1.86;11.40;;316.00;;;;;;
419;21.07.1998 00:00:00;;;1.20;7.90;;284.00;;;;;;
420;21.07.1998 00:00:00;;;5.10;10.40;;291.00;;;;;;
421;21.07.1998 00:00:00;;;0.10;18.60;;362.00;;;;;;
618;21.07.1998 00:00:00;;;1.30;12.00;;344.00;;;;;;
422;21.07.1998 00:00:00;;;42.10;10.10;;271.00;;;;;;
798;21.07.1998 00:00:00;;;10.70;10.00;;177.00;;;;;;
800;21.07.1998 00:00:00;;;8.40;10.10;;173.00;;;;;;
801;21.07.1998 00:00:00;;;18.10;10.20;;171.00;;;;;;
802;21.07.1998 00:00:00;;;4.60;7.30;;262.00;;;;;;
804;21.07.1998 00:00:00;;;8.90;5.80;;252.00;;;;;;
805;21.07.1998 00:00:00;;;2.50;7.30;;265.00;;;;;;
806;21.07.1998 00:00:00;;;11.50;8.40;;293.00;;;;;;
807;21.07.1998 00:00:00;;;206.90;5.70;;141.00;;;;;;
808;21.07.1998 00:00:00;;;3.90;7.60;;150.00;;;;;;
809;28.08.1998 00:00:00;;;;6.00;;82.00;;;;;;
810;28.08.1998 00:00:00;;;63.40;9.10;;65.00;;;;;;
811;28.08.1998 00:00:00;;;64.70;4.50;;74.00;;;;;;
812;28.08.1998 00:00:00;;;4.90;6.00;;118.00;;;;;;
813;28.08.1998 00:00:00;;;10.90;7.30;;24.00;;;;;;
190;13.07.1998 00:00:00;;;20.00;9.40;;395.00;;;;;;
189;13.07.1998 00:00:00;;;0.50;9.70;;296.00;;;;;;
191;13.07.1998 00:00:00;;;;6.00;;236.00;;;;;;
177;13.07.1998 00:00:00;;;52.10;5.70;;347.00;;;;;;"aus Zulauf 2: 50 l/min"
251;13.07.1998 00:00:00;;;29.30;7.40;;331.00;;;;;;
252;13.07.1998 00:00:00;;;52.20;9.60;;345.00;;;;;;
178;13.07.1998 00:00:00;;;43.70;8.70;;339.00;;;;;;
253;13.07.1998 00:00:00;;;12.80;8.70;;345.00;;;;;;
254;13.07.1998 00:00:00;;;12.90;7.00;;310.00;;;;;;
179;13.07.1998 00:00:00;;;23.40;5.80;;306.00;;;;;;
256;13.07.1998 00:00:00;;;17.60;6.50;;264.00;;;;;;
255;13.07.1998 00:00:00;;;132.00;5.10;;233.00;;;;;;
181;13.07.1998 00:00:00;;;35.20;7.80;;330.00;;;;;;
180;13.07.1998 00:00:00;;;;6.60;;340.00;;;;;;
257;13.07.1998 00:00:00;;;1000.00;7.20;;247.00;;;;;;"nur Zulauf 2"
258;13.07.1998 00:00:00;;;4.50;7.10;;198.00;;;;;;"Zulauf 1 trocken"
182;13.07.1998 00:00:00;;;164.00;5.50;;196.00;;;;;;"aus Zulauf 5 121 l/min"
183;13.07.1998 00:00:00;;;50.80;6.30;;218.00;;;;;;"Hälfte aus Zulauf 2"
263;13.07.1998 00:00:00;;;365.80;6.00;;221.00;;;;;;
184;13.07.1998 00:00:00;;;17.00;6.60;;219.00;;;;;;
264;13.07.1998 00:00:00;;;17.30;7.30;;225.00;;;;;;
185;13.07.1998 00:00:00;;;148.00;6.20;;223.00;;;;;;
259;13.07.1998 00:00:00;;;8.60;7.00;;222.00;;;;;;
260;13.07.1998 00:00:00;;;22.10;6.80;;227.00;;;;;;
262;13.07.1998 00:00:00;;;2.90;6.60;;229.00;;;;;;
186;13.07.1998 00:00:00;;;53.00;8.60;;328.00;;;;;;
187;13.07.1998 00:00:00;;;23.20;9.30;;311.00;;;;;;
814;13.07.1998 00:00:00;;;3.00;10.30;;367.00;;;;;;
815;13.07.1998 00:00:00;;;60.00;10.40;;457.00;;;;;;
816;13.07.1998 00:00:00;;;1.70;10.70;;454.00;;;;;;
817;13.07.1998 00:00:00;;;;7.80;;362.00;;;;;;
818;24.08.1998 00:00:00;;;5.00;5.10;;200.00;;;;;;
819;24.08.1998 00:00:00;;;;6.30;;237.00;;;;;;
820;24.08.1998 00:00:00;;;2.00;11.00;;237.00;;;;;;
821;24.08.1998 00:00:00;;;23.50;6.10;;238.00;;;;;;
822;24.08.1998 00:00:00;;;;7.60;;107.00;;;;;;
823;24.08.1998 00:00:00;;;40.00;6.20;;238.00;;;;;;
824;24.08.1998 00:00:00;;;;6.40;;245.00;;;;;;
491;03.09.1998 00:00:00;;;1500.00;8.80;;341.00;;;;;;
494;23.07.1998 00:00:00;;;286.00;8.40;;305.00;;;;;;
495;23.07.1998 00:00:00;;;706.00;8.70;;313.00;;;;;;
496;23.07.1998 00:00:00;;;470.70;8.60;;319.00;;;;;;"Zulauf 5: 428.6 l/min"
497;23.07.1998 00:00:00;;;428.60;8.80;;327.00;;;;;;
498;23.07.1998 00:00:00;;;6.60;9.60;;519.00;;;;;;
499;26.08.1998 00:00:00;;;20.90;10.30;;318.00;;;;;;
500;23.07.1998 00:00:00;;;25.50;10.50;;303.00;;;;;;
501;23.07.1998 00:00:00;;;6.00;11.70;;229.00;;;;;;
502;26.08.1998 00:00:00;;;53.10;7.30;;255.00;;;;;;
504;26.08.1998 00:00:00;;;20.00;11.90;;231.00;;;;;;
505;23.07.1998 00:00:00;;;187.00;3.80;;187.00;;;;;;
825;23.07.1998 00:00:00;;;5.80;10.20;;252.00;;;;;;
826;23.07.1998 00:00:00;;;;6.80;;234.00;;;;;;
827;23.07.1998 00:00:00;;;9.50;10.60;;310.00;;;;;;
828;26.08.1998 00:00:00;;;87.10;6.30;;227.00;;;;;;
829;26.08.1998 00:00:00;;;;6.80;;281.00;;;;;;
830;26.08.1998 00:00:00;;;61.00;8.60;;248.00;;;;;;
831;26.08.1998 00:00:00;;;16.50;10.30;;268.00;;;;;;
832;26.08.1998 00:00:00;;;8.90;11.50;;268.00;;;;;;
832;26.08.1998 00:00:00;;;6.00;9.70;;266.00;;;;;;
483;03.09.1998 00:00:00;;;1.70;12.40;;194.00;;;;;;
485;03.09.1998 00:00:00;;;;12.50;;368.00;;;;;;
486;03.09.1998 00:00:00;;;10.40;10.50;;351.00;;;;;;
487;03.09.1998 00:00:00;;;7.50;9.80;;358.00;;;;;;
488;03.09.1998 00:00:00;;;2.50;9.20;;270.00;;;;;;
227;17.07.1998 00:00:00;;;530.00;8.90;;240.00;;;;;;
228;15.07.1998 00:00:00;;;4700.00;8.60;;233.00;;;;;;
230;15.07.1998 00:00:00;;;21000.00;8.10;;230.00;;;;;;
231;15.07.1998 00:00:00;;;21.70;10.00;;376.00;;;;;;
232;15.07.1998 00:00:00;;;55.80;7.60;;279.00;;;;;;
233;15.07.1998 00:00:00;;;;7.90;;209.00;;;;;;
234;15.07.1998 00:00:00;;;32.00;7.20;;234.00;;;;;;
236;16.07.1998 00:00:00;;;;8.50;;217.00;;;;;;"10-12 m3/min."
237;16.07.1998 00:00:00;;;23.40;10.10;;275.00;;;;;;
238;25.08.1998 00:00:00;;;300.00;4.80;;195.00;;;;;;
242;17.07.1998 00:00:00;;;500.00;7.70;;241.00;;;;;;
243;25.08.1998 00:00:00;;;100.00;6.00;;204.00;;;;;;
245;25.08.1998 00:00:00;;;;6.30;;256.00;;;;;;
247;25.08.1998 00:00:00;;;7.50;8.00;;243.00;;;;;;
650;15.07.1998 00:00:00;;;6.00;11.00;;243.00;;;;;;
652;17.07.1998 00:00:00;;;250.00;4.30;;210.00;;;;;;
653;16.07.1998 00:00:00;;;;8.10;;235.00;;;;;;
655;17.07.1998 00:00:00;;;;3.10;;147.00;;;;;;
656;16.07.1998 00:00:00;;;;3.60;;175.00;;;;;;
836;15.07.1998 00:00:00;;;23.00;8.10;;196.00;;;;;;
837;15.07.1998 00:00:00;;;4.30;6.50;;207.00;;;;;;
838;15.07.1998 00:00:00;;;;4.80;;148.00;;;;;;
839;15.07.1998 00:00:00;;;2.80;8.30;;232.00;;;;;;
840;16.07.1998 00:00:00;;;17.60;6.90;;151.00;;;;;;
841;16.07.1998 00:00:00;;;20.90;8.30;;250.00;;;;;;
842;16.07.1998 00:00:00;;;3.00;7.40;;177.00;;;;;;
844;16.07.1998 00:00:00;;;1.10;8.40;;187.00;;;;;;
848;25.08.1998 00:00:00;;;54.10;4.70;;225.00;;;;;;
849;26.08.1998 00:00:00;;;;12.20;;202.00;;;;;;
455;28.09.1998 00:00:00;;;38.80;7.70;;319.00;;;;;;
456;28.09.1998 00:00:00;;;250.00;7.20;;290.00;;;;;;
457;28.09.1998 00:00:00;;;260.00;7.40;;258.00;;;;;;
458;28.09.1998 00:00:00;;;40.20;7.00;;271.00;;;;;;
459;28.09.1998 00:00:00;;;175.00;7.60;;309.00;;;;;;"davon Einlauf 2: 135 l/min."
460;28.09.1998 00:00:00;;;93.80;8.00;;275.00;;;;;;"davon Einlauf 2: 86.2 l/min."
461;28.09.1998 00:00:00;;;52.00;8.40;;351.00;;;;;;
462;28.09.1998 00:00:00;;;149.00;7.90;;340.00;;;;;;
464;28.09.1998 00:00:00;;;3500.00;9.60;;390.00;;;;;;
465;28.09.1998 00:00:00;;;2.10;11.60;;327.00;;;;;;
467;28.09.1998 00:00:00;;;10.00;9.40;;310.00;;;;;;
468;28.09.1998 00:00:00;;;23.40;9.90;;350.00;;;;;;
469;28.09.1998 00:00:00;;;10.10;11.10;;316.00;;;;;;
470;28.09.1998 00:00:00;;;14.00;8.80;;394.00;;;;;;
471;28.09.1998 00:00:00;;;12.10;10.20;;367.00;;;;;;
850;28.09.1998 00:00:00;;;3.30;8.60;;300.00;;;;;;
851;28.09.1998 00:00:00;;;12.30;8.90;;341.00;;;;;;
852;28.09.1998 00:00:00;;;10.20;8.20;;325.00;;;;;;
854;01.10.1998 00:00:00;;;4.60;8.50;;332.00;;;;;;
853;01.10.1998 00:00:00;;;;12.00;;346.00;;;;;;
354;09.10.1998 00:00:00;;"trocken";176.00;8.40;;267.00;8.03;;;;;
740;09.10.1998 00:00:00;;"trocken";76.00;5.40;;158.00;8.34;;;;;
739;09.10.1998 00:00:00;;"trocken";108.00;3.70;;164.00;8.19;;;;;
743;09.10.1998 00:00:00;;"trocken";20.00;7.20;;277.00;7.80;;;;;
735;09.10.1998 00:00:00;;"trocken";25.00;7.80;;179.00;7.60;;;;;
734;09.10.1998 00:00:00;;"trocken";100.00;7.70;;328.00;7.67;;;;;
738;09.10.1998 00:00:00;;"trocken";35.00;9.40;;251.00;7.83;;;;;
736;09.10.1998 00:00:00;;"trocken";50.00;6.90;;273.00;7.63;;;;;
857;01.10.1998 00:00:00;;;38.70;9.60;;302.00;;;;;;
856;01.10.1998 00:00:00;;;7.90;9.10;;291.00;;;;;;
855;01.10.1998 00:00:00;;;7.60;9.20;;306.00;;;;;;
847;01.10.1998 00:00:00;;;0.80;5.20;;184.00;;;;;;
846;01.10.1998 00:00:00;;;500.00;3.90;;161.00;;;;;;
860;01.10.1998 00:00:00;;;;5.10;;195.00;;;;;;
859;01.10.1998 00:00:00;;;;5.80;;191.00;;;;;;
858;01.10.1998 00:00:00;;;;4.80;;157.00;;;;;;
507;02.09.1998 00:00:00;;;147.00;4.00;;204.00;;;;;;
508;02.09.1998 00:00:00;;;25.70;4.80;;205.00;;;;;;
509;02.09.1998 00:00:00;;;1000.00;3.40;;212.00;;;;;;
510;02.09.1998 00:00:00;;;600.00;3.40;;207.00;;;;;;
511;02.09.1998 00:00:00;;;750.00;4.10;;217.00;;;;;;
512;30.09.1998 00:00:00;;;375.00;6.20;;279.00;;;;;;"Schüttung bei Überlauf gemessen"
513;30.09.1998 00:00:00;;;339.00;6.90;;313.00;;;;;;
514;02.09.1998 00:00:00;;;100.00;7.60;;361.00;;;;;;
516;02.09.1998 00:00:00;;;;6.90;;371.00;;;;;;
517;02.09.1998 00:00:00;;;50.00;7.80;;365.00;;;;;;
521;30.09.1998 00:00:00;;;48.00;6.50;;241.00;;;;;;
523;02.09.1998 00:00:00;;;100.00;3.40;;146.00;;;;;;
582;02.09.1998 00:00:00;;;7.70;8.00;;316.00;;;;;;
861;02.09.1998 00:00:00;;;109.60;6.40;;236.00;;;;;;
875;02.09.1998 00:00:00;;;81.30;7.00;;235.00;;;;;;
862;02.09.1998 00:00:00;;;50.00;3.70;;212.00;;;;;;
863;02.09.1998 00:00:00;;;317.00;3.30;;213.00;;;;;;
864;02.09.1998 00:00:00;;;5.50;5.80;;188.00;;;;;;
865;02.09.1998 00:00:00;;;132.00;5.00;;207.00;;;;;;
866;02.09.1998 00:00:00;;;53.40;6.30;;241.00;;;;;;
867;02.09.1998 00:00:00;;;;3.60;;146.00;;;;;;
868;02.09.1998 00:00:00;;;;3.00;;140.00;;;;;;
869;02.09.1998 00:00:00;;;;8.40;;322.00;;;;;;
870;02.09.1998 00:00:00;;;100.00;6.10;;378.00;;;;;;
503;30.09.1998 00:00:00;;;51.40;6.90;;318.00;;;;;;
871;30.09.1998 00:00:00;;;82.50;7.00;;333.00;;;;;;
872;30.09.1998 00:00:00;;;33.00;5.70;;230.00;;;;;;
873;30.09.1998 00:00:00;;;;6.20;;235.00;;;;;;
874;30.09.1998 00:00:00;;;;5.80;;188.00;;;;;;
896;28.09.1998 00:00:00;;;1.70;11.70;;462.00;;;;;;
895;28.09.1998 00:00:00;;;1.50;10.80;;404.00;;;;;;
894;28.09.1998 00:00:00;;;;12.00;;433.00;;;;;;
893;04.09.1998 00:00:00;;;0.50;11.50;;342.00;;;;;;
892;04.09.1998 00:00:00;;;5.40;8.70;;335.00;;;;;;
890;28.09.1998 00:00:00;;;2.50;7.90;;346.00;;;;;;
889;04.09.1998 00:00:00;;;3.20;11.70;;389.00;;;;;;
888;04.09.1998 00:00:00;;;6.20;11.30;;414.00;;;;;;
886;04.09.1998 00:00:00;;;0.70;10.40;;340.00;;;;;;
885;04.09.1998 00:00:00;;;50.00;8.90;;192.00;;;;;;
884;04.09.1998 00:00:00;;;18.30;7.70;;195.00;;;;;;
883;04.09.1998 00:00:00;;;;9.70;;307.00;;;;;;
882;28.09.1998 00:00:00;;;4.40;12.90;;319.00;;;;;;
881;04.09.1998 00:00:00;;;13.00;9.40;;340.00;;;;;;
657;04.09.1998 00:00:00;;;8.70;10.60;;325.00;;;;;;
880;04.09.1998 00:00:00;;;;8.60;;227.00;;;;;;
878;27.08.1998 00:00:00;;;68.30;10.20;;227.00;;;;;;
877;27.08.1998 00:00:00;;;20.10;7.60;;234.00;;;;;;
662;27.08.1998 00:00:00;;;39.00;7.20;;271.00;;;;;;
876;27.08.1998 00:00:00;;;27.70;4.70;;194.00;;;;;;
661;27.08.1998 00:00:00;;;76.30;5.20;;219.00;;;;;;
659;27.08.1998 00:00:00;;;1000.00;3.60;;251.00;;;;;;"Schüttung > 1000 l/min."
454;27.08.1998 00:00:00;;;112.00;10.00;;289.00;;;;;;
453;27.08.1998 00:00:00;;;0.00;;;;;;;;;
452;27.08.1998 00:00:00;;;638.00;9.30;;295.00;;;;;;
451;27.08.1998 00:00:00;;;;8.90;;288.00;;;;;;
450;04.09.1998 00:00:00;;;8.50;8.90;;360.00;;;;;;
449;04.09.1998 00:00:00;;;34.50;8.90;;361.00;;;;;;
448;04.09.1998 00:00:00;;;150.00;8.50;;362.00;;;;;;
446;04.09.1998 00:00:00;;;19.60;10.90;;409.00;;;;;;
445;04.09.1998 00:00:00;;;2.40;11.70;;393.00;;;;;;
920;01.09.1998 00:00:00;;;;11.20;;219.00;;;;;;
919;01.09.1998 00:00:00;;;;6.60;;178.00;;;;;;
918;01.09.1998 00:00:00;;;4.40;5.00;;284.00;;;;;;
917;01.09.1998 00:00:00;;;65.90;6.50;;258.00;;;;;;
915;29.09.1998 00:00:00;;;;7.60;;373.00;;;;;;
914;29.09.1998 00:00:00;;;40.00;4.60;;279.00;;;;;;
913;29.09.1998 00:00:00;;;;5.20;;212.00;;;;;;
912;29.09.1998 00:00:00;;;7.50;6.80;;206.00;;;;;;
911;29.09.1998 00:00:00;;;250.00;5.00;;214.00;;;;;;
910;29.09.1998 00:00:00;;;85.00;4.30;;212.00;;;;;;
909;29.09.1998 00:00:00;;;500.00;4.60;;207.00;;;;;;
908;29.09.1998 00:00:00;;;;6.40;;250.00;;;;;;
907;29.09.1998 00:00:00;;;20.00;6.40;;175.00;;;;;;
906;29.09.1998 00:00:00;;;110.00;4.80;;172.00;;;;;;
905;30.09.1998 00:00:00;;;4.40;6.10;;323.00;;;;;;
904;30.09.1998 00:00:00;;;100.00;5.50;;360.00;;;;;;
903;30.09.1998 00:00:00;;;;8.60;;220.00;;;;;;
902;01.09.1998 00:00:00;;;49.00;4.10;;202.00;;;;;;
901;01.09.1998 00:00:00;;;2.50;13.70;;332.00;;;;;;
900;01.09.1998 00:00:00;;;1.00;11.10;;326.00;;;;;;
899;31.08.1998 00:00:00;;;1.00;7.30;;234.00;;;;;;
898;31.08.1998 00:00:00;;;8.30;10.10;;299.00;;;;;;
664;01.09.1998 00:00:00;;;1.50;13.10;;265.00;;;;;;
663;01.09.1998 00:00:00;;;1.50;12.60;;282.00;;;;;;
560;01.09.1998 00:00:00;;;3.00;13.00;;217.00;;;;;;
559;01.09.1998 00:00:00;;;0.80;13.60;;222.00;;;;;;
557;31.08.1998 00:00:00;;;15.00;12.10;;332.00;;;;;;
556;31.08.1998 00:00:00;;;2500.00;7.80;;275.00;;;;;;
555;01.09.1998 00:00:00;;;17.40;10.20;;336.00;;;;;;
554;01.09.1998 00:00:00;;;1.30;13.20;;344.00;;;;;;
549;31.08.1998 00:00:00;;;;9.50;;281.00;;;;;;
544;31.08.1998 00:00:00;;;4.40;12.20;;372.00;;;;;;
542;31.08.1998 00:00:00;;;3.00;10.10;;247.00;;;;;;
541;31.08.1998 00:00:00;;;30.40;7.10;;224.00;;;;;;
538;31.08.1998 00:00:00;;;42.60;7.40;;213.00;;;;;;
537;31.08.1998 00:00:00;;;176.50;7.40;;301.00;;;;;;
536;31.08.1998 00:00:00;;;47.70;7.40;;304.00;;;;;;
535;01.09.1998 00:00:00;;;35.00;8.50;;328.00;;;;;;
533;31.08.1998 00:00:00;;;123.00;6.00;;316.00;;;;;;
532;31.08.1998 00:00:00;;;18.50;7.40;;356.00;;;;;;
531;31.08.1998 00:00:00;;;7.10;7.20;;390.00;;;;;;
530;31.08.1998 00:00:00;;;22.70;7.20;;390.00;;;;;;
529;31.08.1998 00:00:00;;;41.60;7.20;;390.00;;;;;;
528;31.08.1998 00:00:00;;;33.30;7.30;;320.00;;;;;;
527;31.08.1998 00:00:00;;;10.40;7.30;;326.00;;;;;;
526;31.08.1998 00:00:00;;;84.20;6.70;;327.00;;;;;;
924;25.08.1998 00:00:00;;;;;;142.00;;;;;;
923;25.08.1998 00:00:00;;;;8.80;;158.00;;;;;;
122;30.06.1999 00:00:00;30.12.1899 08:45:00;;66.81;5.70;;248.00;;;;;;"im Reservoir gemessen"
123;30.06.1999 00:00:00;30.12.1899 08:20:00;;;5.00;;210.00;;;;;;"Schüttung nicht messbar"
124;30.06.1999 00:00:00;;;;5.80;;238.00;;;;;;"Schüttung nicht messbar"
125;30.06.1999 00:00:00;30.12.1899 07:25:00;;5.00;7.60;;366.00;;;;;;
126;30.06.1999 00:00:00;30.12.1899 09:50:00;;7.66;8.70;;268.00;;;;;;
130;30.06.1999 00:00:00;30.12.1899 16:40:00;;;4.00;;245.00;;;;;;"Schüttung nicht messbar"
744;30.06.1999 00:00:00;30.12.1899 14:15:00;;10.00;9.00;;372.00;;;;;;
745;30.06.1999 00:00:00;30.12.1899 17:50:00;;4.56;7.60;;348.00;;;;;;
748;30.06.1999 00:00:00;30.12.1899 13:00:00;;;10.40;;395.00;;;;;;"Schüttung nicht messbar"
746;30.06.1999 00:00:00;30.12.1899 10:45:00;;2.10;12.10;;449.00;;;;;;
747;30.06.1999 00:00:00;30.12.1899 11:15:00;;;;;;;;;;;"Messungen nicht möglich"
925;30.06.1999 00:00:00;30.12.1899 08:00:00;;10.00;7.60;;225.00;;;;;;
926;30.06.1999 00:00:00;30.12.1899 09:55:00;;24.59;9.00;;274.00;;;;;;"Schüttung = 1 + 2 zusammen"
927;30.06.1999 00:00:00;;;120.24;7.80;;248.00;;;;;;
928;30.06.1999 00:00:00;30.12.1899 11:20:00;;;10.50;;474.00;;;;;;"Schüttung nicht messbar >10l"
929;30.06.1999 00:00:00;30.12.1899 11:30:00;;;11.80;;396.00;;;;;;"Schüttung nicht messbar"
930;30.06.1999 00:00:00;30.12.1899 13:00:00;;3.50;10.40;;395.00;;;;;;"Messung im Reservoir"
931;30.06.1999 00:00:00;30.12.1899 13:00:00;;2.68;9.60;;390.00;;;;;;
932;30.06.1999 00:00:00;30.12.1899 13:30:00;;;8.50;;368.00;;;;;;"Schüttung nicht messbar"
933;30.06.1999 00:00:00;30.12.1899 14:45:00;;3.00;5.60;;379.00;;;;;;
934;30.06.1999 00:00:00;30.12.1899 15:50:00;;3.60;9.10;;284.00;;;;;;"Überlauf Reservoir"
935;30.06.1999 00:00:00;30.12.1899 18:00:00;;;10.40;;348.00;;;;;;"Schüttung nicht messbar"
193;17.06.1999 00:00:00;30.12.1899 09:15:00;;3000.00;5.40;;237.00;;;;;;
194;17.06.1999 00:00:00;30.12.1899 10:15:00;;150.00;7.20;;285.00;;;;;;"Schüttung Chriesbaumbrunnen 1-3  >1000l/min."
195;17.06.1999 00:00:00;;;;;;;;;;;;"keine Messungen"
936;17.06.1999 00:00:00;;;150.00;7.10;;284.00;;;;;;
937;17.06.1999 00:00:00;30.12.1899 10:25:00;;900.00;7.20;;282.00;;;;;;
938;01.07.1999 00:00:00;;;26.20;9.40;;551.00;;;;;;"Wassertemperatur  °C 10.2 in Reservoir"
939;01.07.1999 00:00:00;30.12.1899 08:30:00;;16.50;9.60;;347.00;;;;;;
940;01.07.1999 00:00:00;30.12.1899 09:05:00;;9.31;7.20;;473.00;;;;;;
941;01.07.1999 00:00:00;30.12.1899 09:20:00;;;7.80;;355.00;;;;;;"Schüttung nicht messbar"
942;01.07.1999 00:00:00;30.12.1899 09:30:00;;;8.40;;331.00;;;;;;"Schüttung nicht messbar"
943;01.07.1999 00:00:00;30.12.1899 10:30:00;;4.56;8.00;;416.00;;;;;;
944;01.07.1999 00:00:00;30.12.1899 10:40:00;;4.94;9.40;;346.00;;;;;;
945;01.07.1999 00:00:00;30.12.1899 11:15:00;;;8.30;;329.00;;;;;;"Schüttung nicht messbar"
750;01.07.1999 00:00:00;30.12.1899 15:10:00;;;7.10;;361.00;;;;;;"Schüttung nicht messbar"
947;01.07.1999 00:00:00;30.12.1899 11:40:00;;1200.00;7.10;;336.00;;;;;;
133;28.06.1999 00:00:00;30.12.1899 15:30:00;;1100.00;5.90;;202.00;;;;;;
134;28.06.1999 00:00:00;30.12.1899 15:40:00;;340.90;4.50;;205.00;;;;;;"Zuleitung 2: Leitfähigkeit 203uS/cm, Wassertemp. 4.4 °C, Schüttung 251.04 l/min."
135;29.06.1999 00:00:00;30.12.1899 18:10:00;;141.85;6.20;;193.00;;;;;;
136;28.06.1999 00:00:00;30.12.1899 16:50:00;;600.00;7.60;;305.00;;;;;;
137;29.06.1999 00:00:00;30.12.1899 13:30:00;;10.00;6.40;;252.00;;;;;;
141;02.07.1999 00:00:00;;;;8.20;;363.00;;;;;;"Schüttung: mehrere 1000 l/min."
142;02.07.1999 00:00:00;30.12.1899 09:15:00;;9.03;8.80;;401.00;;;;;;
962;02.07.1999 00:00:00;;;;7.80;;403.00;;;;;;"Schüttung nicht messbar"
143;29.06.1999 00:00:00;30.12.1899 09:00:00;;8.15;4.90;;395.00;;;;;;
144;29.06.1999 00:00:00;30.12.1899 08:45:00;;6.97;7.60;;383.00;;;;;;
146;29.06.1999 00:00:00;30.12.1899 11:00:00;;7.52;6.70;;517.00;;;;;;
147;29.06.1999 00:00:00;30.12.1899 12:00:00;;14.77;5.60;;402.00;;;;;;
148;29.06.1999 00:00:00;30.12.1899 12:15:00;;100.00;5.00;;190.00;;;;;;"Schüttung: Überlauf"
149;29.06.1999 00:00:00;30.12.1899 17:00:00;;;;;;;;;;;"keine Messungen"
150;28.06.1999 00:00:00;30.12.1899 14:15:00;;750.00;7.70;;344.00;;;;;;
151;28.06.1999 00:00:00;30.12.1899 14:35:00;;365.85;7.90;;342.00;;;;;;
152;17.08.1999 00:00:00;;;;;;;;;;;;"nicht messbar"
153;28.06.1999 00:00:00;30.12.1899 14:05:00;;108.50;8.40;;348.00;;;;;;
154;28.06.1999 00:00:00;30.12.1899 10:15:00;;94.04;7.40;;369.00;;;;;;
155;28.06.1999 00:00:00;30.12.1899 10:30:00;;68.50;6.20;;320.00;;;;;;
156;02.07.1999 00:00:00;30.12.1899 07:05:00;;1.53;8.30;;419.00;;;;;;"Zuleitung 2: Leitfähigkeit 425 uS/cm, Wassertemp. 6.5°C, Schüttung 13.4 l/min."
159;02.07.1999 00:00:00;30.12.1899 08:10:00;;12.60;6.20;;162.00;;;;;;
265;28.06.1999 00:00:00;;;15.87;8.10;;348.00;;;;;;
266;28.06.1999 00:00:00;30.12.1899 10:50:00;;7.93;8.60;;349.00;;;;;;
267;28.06.1999 00:00:00;30.12.1899 10:50:00;;75.00;8.20;;350.00;;;;;;
269;28.06.1999 00:00:00;;;;;;;;;;;;"keine Messung"
270;28.06.1999 00:00:00;30.12.1899 16:00:00;;262.00;6.60;;204.00;;;;;;
567;28.06.1999 00:00:00;30.12.1899 15:00:00;;18.57;9.80;;292.00;;;;;;"Zuleitung 2: Leitfähigkeit 292 uS/cm, Wassertemp. 9.9 °C, Schüttung 12.68 l/min.
Zuleitung 3: Leitfähigkeit 293 uS/cm, Wassertemp. 9.8 °C, Schüttung nicht messbar"
568;28.06.1999 00:00:00;30.12.1899 14:50:00;;31.54;9.90;;294.00;;;;;;
695;29.06.1999 00:00:00;30.12.1899 15:00:00;;1.28;8.20;;248.00;;;;;;"Zuleitung 2: Leitfähigkeit 250 uS/cm, Wassertemp. 7.3 °C, Schüttung 7.5 l/min.
Zuleitung 3: trocken"
696;02.07.1999 00:00:00;30.12.1899 10:40:00;;24.80;9.90;;323.00;;;;;;
698;02.07.1999 00:00:00;30.12.1899 09:50:00;;;12.00;;320.00;;;;;;"Schüttung nicht messbar"
700;29.06.1999 00:00:00;30.12.1899 10:25:00;;7.71;4.50;;359.00;;;;;;
701;29.06.1999 00:00:00;30.12.1899 10:40:00;;0.80;4.20;;319.00;;;;;;"Zuleitung 2: Leitfähigkeit 316 uS/cm, Wassertemp. 3.8 °C, Schüttung 6.51 l/min."
702;29.06.1999 00:00:00;30.12.1899 10:50:00;;14.31;4.60;;512.00;;;;;;
703;29.06.1999 00:00:00;30.12.1899 11:20:00;;8.35;6.80;;643.00;;;;;;
704;29.06.1999 00:00:00;30.12.1899 11:25:00;;5.79;8.00;;642.00;;;;;;"Zuleitung 2: Leitfähigkeit 660 uS/cm, Wassertemp. 6.4 °C, Schüttung 10.34 l/min."
705;29.06.1999 00:00:00;30.12.1899 10:00:00;;8.34;6.10;;607.00;;;;;;
706;29.06.1999 00:00:00;30.12.1899 10:10:00;;4.03;5.10;;352.00;;;;;;"Zuleitung 1: trocken"
707;29.06.1999 00:00:00;30.12.1899 11:45:00;;1.98;6.40;;758.00;;;;;;
708;28.06.1999 00:00:00;30.12.1899 13:30:00;;;;;;;;;;;"keine Messungen"
709;28.06.1999 00:00:00;30.12.1899 13:30:00;;;;;;;;;;;"keine Messungen"
710;02.07.1999 00:00:00;30.12.1899 12:10:00;;10.20;9.60;;422.00;;;;;;
711;02.07.1999 00:00:00;30.12.1899 12:30:00;;;9.10;;423.00;;;;;;"Schüttung nicht messbar  ~ 10 l"
712;29.06.1999 00:00:00;30.12.1899 18:30:00;;;6.40;;200.00;;;;;;"Schüttung nicht messbar, Einlauf unter Wasser"
713;02.07.1999 00:00:00;30.12.1899 10:20:00;;;;;;;;;;;"keine Messungen"
948;28.06.1999 00:00:00;30.12.1899 08:45:00;;;4.80;;275.00;;;;;;"Schüttung nicht messbar"
949;28.06.1999 00:00:00;30.12.1899 08:45:00;;17.34;5.00;;274.00;;;;;;
950;28.06.1999 00:00:00;30.12.1899 09:00:00;;9.20;3.60;;197.00;;;;;;"Zuleitung 2: Leitfähigkeit 181 uS/cm, Wassertemp. 2.7 °C, Schüttung 104.16 l/min."
951;28.06.1999 00:00:00;30.12.1899 09:25:00;;1000.00;4.50;;227.00;;;;;;
952;28.06.1999 00:00:00;30.12.1899 13:45:00;;54.54;7.70;;348.00;;;;;;"obere Zuleit.: Leitfähigkeit 325 uS/cm, Wassertemp. 7.4 °C, Schüttung 263 l/min.
mittl.+unt. Zul: Leitfähigkeit 316 uS/cm, Wassertemp. 7.1 °C, Schüttung 375 l/min."
282;15.06.1999 00:00:00;30.12.1899 11:15:00;;300.00;6.90;;362.00;;;;;;
283;15.06.1999 00:00:00;30.12.1899 10:50:00;;250.00;8.50;;279.00;;;;;;
964;02.07.1999 00:00:00;30.12.1899 11:00:00;;1.00;12.10;;433.00;;;;;;
965;29.06.1999 00:00:00;30.12.1899 10:30:00;;9.18;4.50;;488.00;;;;;;
284;15.06.1999 00:00:00;30.12.1899 17:20:00;;;8.10;;372.00;;;;;;"Schüttung nicht messbar"
296;15.06.1999 00:00:00;30.12.1899 17:00:00;;200.00;6.10;;261.00;;;;;;
299;15.06.1999 00:00:00;30.12.1899 09:50:00;;;7.90;;434.00;;;;;;"Schüttung nicht messbar"
300;15.06.1999 00:00:00;;;;5.50;;242.00;;;;;;"Schüttung nicht messbar"
303;15.06.1999 00:00:00;30.12.1899 14:40:00;;6000.00;2.70;;98.00;;;;;;
307;15.06.1999 00:00:00;30.12.1899 11:20:00;;80.00;6.80;;361.00;;;;;;
623;15.06.1999 00:00:00;30.12.1899 13:40:00;;24.00;7.10;;159.00;;;;;;"Zuleitung 2: Schüttung 24 l/min."
624;15.06.1999 00:00:00;30.12.1899 15:05:00;;;6.10;;353.00;;;;;;"Schüttung nicht messbar"
626;15.06.1999 00:00:00;30.12.1899 16:00:00;;200.00;5.70;;245.00;;;;;;
628;15.06.1999 00:00:00;30.12.1899 16:40:00;;7.00;7.30;;252.00;;;;;;"Zuleitung 2: Leitfähigkeit 252 uS/cm, Wassertemp. 6.7°C, Schüttung 5l/min."
966;15.06.1999 00:00:00;30.12.1899 10:05:00;;100.00;7.60;;425.00;;;;;;
967;15.06.1999 00:00:00;;;15.00;5.70;;248.00;;;;;;
968;15.06.1999 00:00:00;30.12.1899 17:30:00;;;8.00;;375.00;;;;;;"Schüttung nicht messbar"
969;15.06.1999 00:00:00;;;60.00;8.10;;355.00;;;;;;
953;28.06.1999 00:00:00;30.12.1899 16:30:00;;2.50;11.60;;289.00;;;;;;
954;29.06.1999 00:00:00;30.12.1899 06:55:00;;;6.50;;252.00;;;;;;"Schüttung nicht mesbar ~ 5 l/min."
955;29.06.1999 00:00:00;;;;;;;;;;;;"keine Messungen"
956;29.06.1999 00:00:00;30.12.1899 14:20:00;;59.46;4.70;;228.00;;;;;;"Zuleitung 2: Leitfähigkeit 243 uS/cm, Wassertemp. 5.0 °C, Schüttung 1+2 137.61 l/min."
957;29.06.1999 00:00:00;30.12.1899 17:15:00;;1.00;11.10;;243.00;;;;;;"Zuleitung 2: Leitfähigkeit 336 uS/cm, Wassertemp. 9.5 °C, Schüttung 5 l/min."
958;29.06.1999 00:00:00;30.12.1899 17:25:00;;;;;;;;;;;"keine Messungen"
959;29.06.1999 00:00:00;30.12.1899 17:40:00;;0.50;12.90;;440.00;;;;;;"Schüttung im Überlauf"
960;29.06.1999 00:00:00;30.12.1899 15:15:00;;12.02;6.20;;227.00;;;;;;"Zuleitung 2: Leitfähigkeit 227 uS/cm, Wassertemp. 6.6 °C, Schüttung 26.9 l/min."
961;29.06.1999 00:00:00;;;;;;248.00;;;;;;"Wassertemp. + Schüttung keine Messung"
963;02.07.1999 00:00:00;;;25.42;9.80;;326.00;;;;;;
268;28.06.1999 00:00:00;;;191.08;9.60;;339.00;;;;;;
333;19.08.1999 00:00:00;30.12.1899 07:05:00;;;7.40;;99.00;;;;;;"Schüttung nicht messbar, geschätzt ~100l/min."
276;18.08.1999 00:00:00;30.12.1899 09:55:00;;;7.70;;249.00;;;;;;"nicht messbar"
277;18.08.1999 00:00:00;;;;;;;;;;;;"nicht messbar"
279;18.08.1999 00:00:00;;;;;;;;;;;;"nicht messbar"
280;18.08.1999 00:00:00;;;100.00;6.40;;240.00;;;;;;"Zuleitung 2: Leitfähigkeit 225 uS/cm, Wassertemp. 6.4 °C, Schüttung 60 l/ min."
281;18.08.1999 00:00:00;30.12.1899 10:35:00;;;8.00;;297.00;;;;;;"Schüttung nicht messbar, geschätzt ~70l/min."
286;18.08.1999 00:00:00;30.12.1899 09:20:00;;30.00;6.30;;220.00;;;;;;
287;18.08.1999 00:00:00;30.12.1899 09:00:00;;200.00;6.70;;118.00;;;;;;
290;18.08.1999 00:00:00;30.12.1899 14:30:00;;40.00;5.60;;225.00;;;;;;
297;18.08.1999 00:00:00;30.12.1899 13:20:00;;;8.00;;285.00;;;;;;"Schüttung nicht messbar"
298;18.08.1999 00:00:00;30.12.1899 13:35:00;;12.55;10.20;;386.00;;;;;;"Zuleitung 2: Leitfähigkeit 399 uS/cm, Wassertemp. 10.7°C, Schüttung 9.63l/min.          
Zuleitung 3: Leitfähigkeit 380 uS/cm, Wassertemp.   9.8°C, Schüttung 12l/min. 
Zuleitung 4: Leitfähigkeit 388 uS/cm, Wassertemp.   9.0°C, Schüttung 28.43l/min."
304;18.08.1999 00:00:00;30.12.1899 07:55:00;;25.00;6.60;;248.00;;;;;;
305;18.08.1999 00:00:00;30.12.1899 08:15:00;;;6.50;;241.00;;;;;;"Schüttung nicht messbar"
572;18.08.1999 00:00:00;30.12.1899 13:10:00;;600.00;9.10;;299.00;;;;;;"im Überleuf gemessen"
621;18.08.1999 00:00:00;30.12.1899 14:00:00;;;7.30;;281.00;;;;;;"Schüttung nicht messabr, geschätzt  ~40l/min."
629;18.08.1999 00:00:00;;;;;;;;;;;;"nicht messbar"
630;18.08.1999 00:00:00;30.12.1899 11:30:00;;;8.60;;320.00;;;;;;"Schüttung nicht messbar"
631;18.08.1999 00:00:00;30.12.1899 11:15:00;;12.00;8.30;;342.00;;;;;;
980;18.08.1999 00:00:00;30.12.1899 10:30:00;;200.00;8.50;;300.00;;;;;;
981;18.08.1999 00:00:00;30.12.1899 10:30:00;;;8.10;;299.00;;;;;;"Schüttung nicht messbar, Überlauf 60l/min."
982;18.08.1999 00:00:00;30.12.1899 10:40:00;;;8.90;;304.00;;;;;;"Schüttung nicht messbar, geschätzt ~20l/min."
336;19.08.1999 00:00:00;30.12.1899 08:45:00;;;8.90;;207.00;;;;;;"Schüttung nicht messbar, geschätzt ~50l/min."
337;19.08.1999 00:00:00;30.12.1899 08:00:00;;9.58;11.10;;136.00;;;;;;
338;19.08.1999 00:00:00;30.12.1899 07:45:00;;;7.70;;107.00;;;;;;"Schüttung nicht messbar"
339;19.08.1999 00:00:00;30.12.1899 07:25:00;;;7.00;;156.00;;;;;;"Schüttung nicht messbar, geschätzt ~600l/min."
344;19.08.1999 00:00:00;30.12.1899 10:10:00;;1075.00;5.90;;122.00;;;;;;
348;19.08.1999 00:00:00;30.12.1899 16:20:00;;4.28;8.40;;342.00;;;;;;
349;19.08.1999 00:00:00;30.12.1899 16:50:00;;223.00;8.10;;9.53;;;;;;"Zuleitung 2: Leitfähigkeit 219 uS/cm., Wassertemp. 7.2°C, Schüttung 8.26l/min."
970;19.08.1999 00:00:00;30.12.1899 08:15:00;;64.79;8.60;;112.00;;;;;;"Überwasser"
971;19.08.1999 00:00:00;30.12.1899 14:00:00;;;3.20;;119.00;;;;;;"Schüttung nicht messbar, geschätzt ~100l/min."
972;19.08.1999 00:00:00;30.12.1899 14:40:00;;;8.90;;131.00;;;;;;"Schüttung nicht messbar"
973;19.08.1999 00:00:00;30.12.1899 15:30:00;;;4.50;;95.00;;;;;;"Schüttung nicht messbar, geschätzt ~500l/min."
974;19.08.1999 00:00:00;30.12.1899 17:15:00;;;10.90;;408.00;;;;;;"Schüttung nicht messbar"
976;19.08.1999 00:00:00;30.12.1899 17:30:00;;;11.60;;338.00;;;;;;"Schüttung nicht messbar"
975;25.03.1998 00:00:00;;;6.60;5.70;;121.00;;;;;;
977;19.08.1999 00:00:00;30.12.1899 18:10:00;;;13.90;;466.00;;;;;;"Schüttung nicht messbar"
978;19.08.1999 00:00:00;30.12.1899 18:30:00;;11.95;10.20;;272.00;;;;;;
979;19.08.1999 00:00:00;30.12.1899 18:20:00;;;13.20;;538.00;;;;;;"Schüttung nicht messbar"
846;01.10.1998 00:00:00;;;;3.90;;161.00;;;;;;"Schüttung nicht messbar
geschätzt ~500l/min."
799;09.10.1998 00:00:00;;;20.00;7.20;;277.00;;;;;;
446;04.09.1998 00:00:00;;;19.60;10.90;;409.00;;;;;;
993;20.08.1999 00:00:00;30.12.1899 16:10:00;;;5.20;;96.00;;;;;;"Schüttung nicht messbar"
311;20.08.1999 00:00:00;30.12.1899 17:00:00;;333.33;4.70;;61.00;;;;;;
312;20.08.1999 00:00:00;30.12.1899 16:35:00;;600.00;5.00;;57.00;;;;;;
315;20.08.1999 00:00:00;30.12.1899 10:15:00;;;4.50;;152.00;;;;;;"Schüttung nicht messbar 
geschätzt  ~100l/min."
316;20.08.1999 00:00:00;30.12.1899 11:00:00;;;5.50;;402.00;;;;;;"Schüttung nicht messbar
geschätzt ~10-20l/min."
317;20.08.1999 00:00:00;30.12.1899 11:30:00;;11.80;6.30;;212.00;;;;;;"Zuleitung 2: Leitfähigkeit 147 uS/cm, Wassertemp. 4.9°C, Schüttung 17.5l/min."
325;20.08.1999 00:00:00;30.12.1899 12:15:00;;30.00;4.80;;126.00;;;;;;
326;20.08.1999 00:00:00;30.12.1899 08:30:00;;10.75;4.20;;64.00;;;;;;"Zuleitung 2: Leitfähigkeit 62 uS/cm, Wassertemp. 4.3°C, Schüttung 47.7l/min."
327;20.08.1999 00:00:00;30.12.1899 09:20:00;;20.00;4.30;;361.00;;;;;;
331;20.08.1999 00:00:00;30.12.1899 07:30:00;;69.00;8.00;;347.00;;;;;;
983;20.08.1999 00:00:00;;;4.00;4.10;;64.00;;;;;;"Zuleitung 2: Leitfähigkeit 64 uS/cm, Wassertemp. 4.1°C, Schüttung 7l/min."
984;20.08.1999 00:00:00;;;4.94;4.50;;55.00;;;;;;"Zuleitung 2: Leitfähigkeit 55 uS/cm, Wassertemp. 4.1°C, Schüttung 4.26l/min."
985;20.08.1999 00:00:00;;;1.00;6.90;;342.00;;;;;;
986;20.08.1999 00:00:00;;;1.00;4.30;;361.00;;;;;;
987;20.08.1999 00:00:00;;;;3.70;;172.00;;;;;;"Schüttung nicht messbar
geschätzt ~100l/min."
988;20.08.1999 00:00:00;30.12.1899 12:35:00;;1.50;5.30;;152.00;;;;;;"Zuleitung 2: Leitfähigkeit 152 uS/cm, Wassertemp. 5.2°C, Schüttung 6.64l/min."
989;20.08.1999 00:00:00;30.12.1899 14:15:00;;1.00;7.50;;340.00;;;;;;
990;20.08.1999 00:00:00;;;;8.80;;340.00;;;;;;"Schüttung nicht messbar"
991;20.08.1999 00:00:00;30.12.1899 15:15:00;;2.67;7.20;;273.00;;;;;;"Zuleitung 2: Leitfähigkeit 279 uS/cm, Wassertemo. 8.4°C, Schüttung 1.98l/min."
992;20.08.1999 00:00:00;30.12.1899 15:45:00;;13.53;5.70;;116.00;;;;;;
994;20.08.1999 00:00:00;;;40.00;5.10;;54.00;;;;;;
995;20.08.1999 00:00:00;30.12.1899 18:45:00;;;9.60;;227.00;;;;;;"Schüttung nicht messbar"
194;17.06.1999 00:00:00;30.12.1899 10:15:00;;150.00;7.20;;285.00;;;;;;
506;17.08.1999 00:00:00;30.12.1899 15:10:00;;;7.40;;284.00;;;;;;"Schüttung nicht messbar"
606;17.08.1999 00:00:00;30.12.1899 08:40:00;;;6.30;;270.00;;;;;;"Schüttung nicht messbar
geschätzt ~5l/min."
607;17.08.1999 00:00:00;30.12.1899 09:10:00;;5.00;8.80;;249.00;;;;;;"Zuleitung 1 kein Wasser"
632;17.08.1999 00:00:00;30.12.1899 09:20:00;;;10.80;;122.00;;;;;;"Schüttung nicht messbar, manchmal trocken"
996;17.08.1999 00:00:00;30.12.1899 09:40:00;;;11.10;;69.00;;;;;;"Schüttung nicht messbar"
997;17.08.1999 00:00:00;30.12.1899 10:30:00;;;5.30;;193.00;;;;;;"Schüttung nicht messbar"
998;17.08.1999 00:00:00;30.12.1899 11:10:00;;15.58;7.80;;254.00;;;;;;"Schüttung Zuleitung 2: 9.47l/min."
999;17.08.1999 00:00:00;30.12.1899 11:40:00;;37.19;8.00;;269.00;;;;;;
1000;17.08.1999 00:00:00;30.12.1899 11:55:00;;50.00;6.80;;325.00;;;;;;
1001;17.08.1999 00:00:00;30.12.1899 12:10:00;;300.00;7.10;;320.00;;;;;;
1002;17.08.1999 00:00:00;30.12.1899 12:15:00;;40.84;6.80;;319.00;;;;;;"Schüttung = Überwasser"
1003;17.08.1999 00:00:00;30.12.1899 14:10:00;;;5.90;;303.00;;;;;;"Schüttung nicht messbar
geschätzt  ~50l/min."
1004;17.08.1999 00:00:00;30.12.1899 14:40:00;;;8.10;;366.00;;;;;;"Schüttung nicht messbar"
1005;17.08.1999 00:00:00;30.12.1899 15:30:00;;;7.40;;313.00;;;;;;"Schüttung nicht messbar"
1006;17.08.1999 00:00:00;30.12.1899 15:35:00;;;7.40;;303.00;;;;;;"Schüttung nicht messbar"
1007;17.08.1999 00:00:00;30.12.1899 17:05:00;;;9.30;;359.00;;;;;;"Schüttung nicht messbar"
1008;17.08.1999 00:00:00;30.12.1899 17:30:00;;;8.90;;379.00;;;;;;"Schüttung nicht messbar"
1009;18.08.1999 00:00:00;30.12.1899 16:15:00;;25.10;12.20;;395.00;;;;;;"Zuleitung 2: Leitfähigkeit 397 uS/cm, Wassertemp. 12.1°C, Schüttung 16.85l/min."
1010;18.08.1999 00:00:00;30.12.1899 16:30:00;;38.51;9.30;;38.00;;;;;;
1011;18.08.1999 00:00:00;30.12.1899 17:10:00;;30.00;11.60;;366.00;;;;;;
1012;18.08.1999 00:00:00;30.12.1899 17:30:00;;11.47;12.80;;354.00;;;;;;
1013;18.08.1999 00:00:00;30.12.1899 16:45:00;;;;;;;;;;;"Aufnahme verweigert"
1014;18.08.1999 00:00:00;30.12.1899 17:00:00;;;;;;;;;;;"Aufnahme verweigert"
1015;18.08.1999 00:00:00;30.12.1899 17:40:00;;3.00;16.50;;432.00;;;;;;"Schüttung Zuleitung 2: 1l/min."
1016;18.08.1999 00:00:00;30.12.1899 17:50:00;;30.00;10.50;;402.00;;;;;;
1017;18.08.1999 00:00:00;30.12.1899 18:10:00;;57.19;8.20;;254.00;;;;;;
1018;18.08.1999 00:00:00;30.12.1899 18:20:00;;18.64;11.70;;354.00;;;;;;
46;28.06.1999 00:00:00;;;1000.00;4.50;;227.00;;;;;;
308;18.10.1999 00:00:00;30.12.1899 09:10:00;;185.18;5.50;;138.00;;;;;;
309;18.10.1999 00:00:00;30.12.1899 08:25:00;;164.38;7.10;;248.00;;;;;;
310;18.10.1999 00:00:00;30.12.1899 17:20:00;;42.28;8.60;;398.00;;;;;;
313;18.10.1999 00:00:00;30.12.1899 07:50:00;;157.89;4.50;;156.00;;;;;;"Zuleitung 2: Leitfähigkeit 198 uS/cm, Wassertemp. 7.4 °C, Schüttung 14.31 l/min."
314;18.10.1999 00:00:00;30.12.1899 17:40:00;;8.34;8.40;;375.00;;;;;;
318;08.10.1999 00:00:00;30.12.1899 14:00:00;;37.75;4.90;;100.00;;;;;;"Zuleitung 2: Leitfähigkeit 99 uS/cm, Wassertemp. 4.4 °C, Schüttung 16.6 l/min."
319;18.10.1999 00:00:00;;;;;;;;;;;;"Schacht nicht gefunden"
320;18.10.1999 00:00:00;30.12.1899 11:30:00;;142.00;4.90;;79.00;;;;;;
321;18.10.1999 00:00:00;30.12.1899 10:50:00;;;4.10;;154.00;;;;;;"Schüttung nicht messbar, geschätzt ~ 200l/min."
322;18.10.1999 00:00:00;30.12.1899 14:40:00;;1.00;8.50;;71.00;;;;;;"Zuleitung 2: Leitfähigkeit 74 uS/cm, Wassertemp. 8.8°C, Schüttung 20 l/min.
Zuleitung 3: Leitfähigkeit 74 uS/cm, Wassertemp. 8.8 °C, Schüttung 11.76 l/min."
323;18.10.1999 00:00:00;30.12.1899 15:40:00;;32.62;5.80;;;228.00;;;;;
324;18.10.1999 00:00:00;30.12.1899 15:30:00;;60.00;6.50;;267.00;;;;;;
328;18.10.1999 00:00:00;30.12.1899 16:45:00;;21.20;7.00;;413.00;;;;;;
651;18.10.1999 00:00:00;30.12.1899 08:30:00;;71.47;7.10;;249.00;;;;;;
749;18.10.1999 00:00:00;;;4.65;5.50;;135.00;;;;;;"Zuleitung 2: Leitfähigkeit 135 uS/cm, Wassertemp. 5.6 °C, Schüttung 35.5 l/min.
Zuleitung 3: Leitfähigkeit 133 uS/cm, Wassertemp. 5.6 °C, Schüttung 25.53 l/min."
951;18.10.1999 00:00:00;30.12.1899 09:20:00;;437.95;5.50;;138.00;;;;;;
1019;18.10.1999 00:00:00;30.12.1899 09:25:00;;126.05;5.50;;141.00;;;;;;
1020;18.10.1999 00:00:00;;;39.78;5.30;;197.00;;;;;;
1021;18.10.1999 00:00:00;;;434.78;5.40;;166.00;;;;;;
1022;18.10.1999 00:00:00;30.12.1899 14:50:00;;27.07;7.80;;87.00;;;;;;
1023;18.10.1999 00:00:00;30.12.1899 15:05:00;;46.54;5.20;;211.00;;;;;;
1024;18.10.1999 00:00:00;30.12.1899 16:00:00;;9.43;6.00;;398.00;;;;;;
340;19.10.1999 00:00:00;;;;;;;;;;;;"nicht messbar, Schacht verschlossen"
342;19.10.1999 00:00:00;30.12.1899 15:00:00;;;6.30;;161.00;;;;;;"Schüttung nicht messbar, Schacht verschlossen"
693;19.10.1999 00:00:00;30.12.1899 10:45:00;;;3.70;;155.00;;;;;;"Schüttung nicht messbar"
1025;19.10.1999 00:00:00;30.12.1899 08:30:00;;;4.20;;297.00;;;;;;"Schüttung nicht messbar"
1026;19.10.1999 00:00:00;30.12.1899 08:30:00;;60.00;4.20;;297.00;;;;;;
1027;19.10.1999 00:00:00;30.12.1899 08:50:00;;5.00;4.00;;131.00;;;;;;
1028;19.10.1999 00:00:00;30.12.1899 09:10:00;;21.35;2.90;;91.00;;;;;;"Zuleitung 2: Leitfähigkeit 91 uS/cm, Wassertemp. 3.1 °C, Schüttung 19.54 l/min."
1029;19.10.1999 00:00:00;30.12.1899 09:50:00;;3.12;4.80;;21.00;;;;;;"Zuleitung 1: kein Wasser
Zuleitung 3: Leitfähigkeit 22 uS/cm, Wassertemp. 4.8 °C, Schüttung 3.71 l/min."
1030;19.10.1999 00:00:00;30.12.1899 10:00:00;;5.79;4.60;;23.00;;;;;;
1031;19.10.1999 00:00:00;30.12.1899 10:35:00;;17.93;4.40;;71.00;;;;;;
1032;19.10.1999 00:00:00;30.12.1899 11:10:00;;;4.10;;399.00;;;;;;"Schüttung nicht messbar"
1033;19.10.1999 00:00:00;30.12.1899 12:00:00;;2.50;8.20;;255.00;;;;;;
1034;19.10.1999 00:00:00;30.12.1899 12:25:00;;;10.30;;313.00;;;;;;"Schüttung nicht messbar"
1035;19.10.1999 00:00:00;30.12.1899 14:00:00;;;;;;;;;;;"nicht messbar, verschlossen"
1036;19.10.1999 00:00:00;;;;;;;;;;;;"Schacht nicht gefunden"
1037;19.10.1999 00:00:00;30.12.1899 16:00:00;;;;;;;;;;;"keine Begehung"
