Schluessel;Objektname;Lokalbezeichnung;Gemeinde;Postleitzahl;x-Koordinate;y-Koordinate;Parz_Nr;Fassungseigentuemer;OK_Terrain;Schachtueberstand;Ordnungs-Nr;Lagegenauigkeit;Verwendungszweck;Verwendungsart;Fassungsart;Fassungszustand;Fassungsabdeckung;Schachttyp;Datenherkunft;Kontaktperson;Bemerkungen Objektdaten;Foto;Fassung;Schutzzone;Anzahl_Zuleitungen;Schloss;Aufgenommen_durch;Erhebungsdatum;Alte_Ordnungs-Nr;Feldbegehung;Foto-Negativ-Nr_1;Foto-Negativ-Nr_2;Foto-Negativ-Nr_3;Objektbereinigung;WVA-Nutzung;WVA-Nutzung_ergaenzen;WVA-Nutzung_streichen;WVA-Nutzung_Lage_neu
;Quelle Brunnenstein;Schwändenen;Diesbach ;8777;720560;201580;251;unbekannt;824;unbekannt;;durch Beschreibung aus Plan gelesen;unbekannt;unbekannt;unbekannt;unbekannt;unbekannt;unbekannt;Nachführung QK AUE;;;;;;;;F. Brunold;;;;;;;;;;;
301;Kaputzinerquelle ELMAG MW3;Gschwend-Gstöck;Elm;8767;732182;197302;1645;Elmag AG;1088;unbekannt;732/197-101;aus Plan gelesen;Mineralwasser;Elmag AG;unbekannt;unbekannt;unbekannt;unbekannt;Nachführung QK AUE;;geänderte Koordinaten gegenüber Geoportal;;;;;;F. Brunold;;;;;;;;;;;
;Quelle Blegeli;Blegeli;Elm;8767;730510;199348;828;unbekannt;1494;unbekannt;;aus Plan gelesen;unbekannt;unbekannt;unbekannt;unbekannt;unbekannt;unbekannt;Nachführung QK AUE;;;;;;;;F. Brunold;;;;;;;;;;;
;Quelle Bleiggeli HQ;Bleiggen;Elm;8767;731516;198822;1449;unbekannt;1631;unbekannt;;aus Plan gelesen;unbekannt;unbekannt;unbekannt;unbekannt;unbekannt;unbekannt;Nachführung QK AUE;;Hauptquelle;;;;;;F. Brunold;13-Aug-19;;;;;;;;;;
;Quelle Bleiggeli NQ;Bleiggen;Elm;8767;731649;198808;1449;unbekannt;1094;unbekannt;;aus Plan gelesen;unbekannt;unbekannt;unbekannt;unbekannt;unbekannt;unbekannt;Nachführung QK AUE;;Nebenquelle;;;;;;F. Brunold;13-Aug-19;;;;;;;;;;
;Quelle Burecheggli;Gschwend;Elm;8767;731998;197076;1641;Elmag AG;1118;unbekannt;;aus Plan gelesen;Brauchwasser Elmag AG;Elmag AG;unbekannt;unbekannt;unbekannt;unbekannt;Nachführung QK AUE;;;;;;;;F. Brunold;;;;;;;;;;;
;Quelle Chaib;Ramin;Elm;8767;736176;199827;838;unbekannt;1873;unbekannt;;aus Plan gelesen;unbekannt;unbekannt;unbekannt;unbekannt;unbekannt;unbekannt;Nachführung QK AUE;;;;;;;;F. Brunold;;;;;;;;;;;
;Quelle Chamm;Gamperdun Chamm;Elm;8767;734854;200579;1898;unbekannt;1970;unbekannt;;aus Plan gelesen;unbekannt;unbekannt;unbekannt;unbekannt;unbekannt;unbekannt;Nachführung QK AUE;;;;;;;;F. Brunold;;;;;;;;;;;
;Quelle Geissegg;Geissegg;Elm;8767;736125;198105;836;unbekannt;2005;unbekannt;;aus Plan gelesen;unbekannt;unbekannt;unbekannt;unbekannt;unbekannt;unbekannt;Nachführung QK AUE;;;;;;;;F. Brunold;;;;;;;;;;;
;Quelle Lochhüttli;Leidruus;Elm;8767;728855;193876;802;unbekannt;1457;unbekannt;;aus Plan gelesen;unbekannt;unbekannt;unbekannt;unbekannt;unbekannt;unbekannt;Nachführung QK AUE;;;;;;;;F. Brunold;;;;;;;;;;;
;Quelle Matt;Matt;Elm;8767;735755;197406;836;unbekannt;1955;unbekannt;;aus Plan gelesen;unbekannt;unbekannt;unbekannt;unbekannt;unbekannt;unbekannt;Nachführung QK AUE;;;;;;;;F. Brunold;;;;;;;;;;;
;Quelle Meissenblanggen;Meissenblanggen;Elm;8767;730907;199952;830;unbekannt;1566;unbekannt;;aus Plan gelesen;unbekannt;unbekannt;unbekannt;unbekannt;unbekannt;unbekannt;Nachführung QK AUE;;;;;;;;F. Brunold;;;;;;;;;;;
;Quelle Mittelstafel;Gamperdun Mittelstafel;Elm;8767;733980;199541;1898;unbekannt;1805;unbekannt;;aus Plan gelesen;unbekannt;unbekannt;unbekannt;unbekannt;unbekannt;unbekannt;Nachführung QK AUE;;;;;;;;F. Brunold;;;;;;;;;;;
;Quelle Oberstafel;Jetz;Elm;8767;728359;192480;802;unbekannt;1811;unbekannt;;aus Plan gelesen;unbekannt;unbekannt;unbekannt;unbekannt;unbekannt;unbekannt;Nachführung QK AUE;;;;;;;;F. Brunold;;;;;;;;;;;
;Quelle Panixerpass;Panixerpass;Elm;8767;727247;190912;804;unbekannt;2377;unbekannt;;aus Plan gelesen;unbekannt;unbekannt;unbekannt;unbekannt;unbekannt;unbekannt;Nachführung QK AUE;;;;;;;;F. Brunold;;;;;;;;;;;
;Quelle Raminer Matt;Raminer Matt;Elm;8767;736430;200230;838;unbekannt;1984;unbekannt;;aus Plan gelesen;unbekannt;unbekannt;unbekannt;unbekannt;unbekannt;unbekannt;Nachführung QK AUE;;;;;;;;F. Brunold;;;;;;;;;;;
;Quelle Schwamm;Gschwend;Elm;8767;731993;197097;1641;Elmag AG;1111;unbekannt;;aus Plan gelesen;Brauchwasser Elmag AG;Elmag AG;unbekannt;unbekannt;unbekannt;unbekannt;Nachführung QK AUE;;;;;;;;F. Brunold;;;;;;;;;;;
;Quelle Täli;Täli;Elm;8767;729713;199852;828;unbekannt;1947;unbekannt;;aus Plan gelesen;unbekannt;unbekannt;unbekannt;unbekannt;unbekannt;unbekannt;Nachführung QK AUE;;;;;;;;F. Brunold;;;;;;;;;;;
;Quelle Unter Chüeboden;Unter Chüeboden;Elm;8767;730864;199366;828;unbekannt;1376;unbekannt;;aus Plan gelesen;unbekannt;unbekannt;unbekannt;unbekannt;unbekannt;unbekannt;Nachführung QK AUE;;;;;;;;F. Brunold;;;;;;;;;;;
;Quelle Wichlenmatt;Wichlenmatt;Elm;8767;725000;195475;807;nicht bekannt;2069;unbekannt;725/196-101;Angabe auf Schreiben AUE;öffentliche Trinkwasserversorgung;Gemeinde Elm?;unbekannt;unbekannt;unbekannt;unbekannt;Schreiben J. Marti AUE;;Schutzzone bereits ausgeschieden aber Quelle fehlt auf Plan;;;;;;F. Brunold;;;;;;;;;;;
1058;Stögg ELMAG;Stöck;Elm;8767;732564;197118;1645;Elmag AG/Gemeinde;1264;unbekannt;732/197-102;aus Plan gelesen;Mineralwasser;Elmag AG;unbekannt;unbekannt;unbekannt;unbekannt;Nachführung QK AUE;;geänderte Koordinaten gegenüber Geoportal;;;;;;F. Brunold;;;;;;;;;;;
1059;Waschwasserquelle Gschwend;Gschwend;Elm;8767;732000;197067;1641;Elmag AG;1123;unbekannt;732/197-103;aus Plan gelesen;Brauchwasser Elmag AG;Elmag AG;unbekannt;unbekannt;unbekannt;unbekannt;Nachführung QK AUE;;geänderte Koordinaten gegenüber Geoportal;;;;;;F. Brunold;;;;;;;;;;;
;Quelle Wärtligen;Wärtligen;Engi;8765;731145;204556;620;Heer-Rupp Barbara;891;unbekannt;;aus Plan gelesen, nur Angabe des Bereichs und nicht der genauen Lage;unbekannt;Brunnen vor Haus/Stall;unbekannt;unbekannt;unbekannt;unbekannt;Nachführung QK AUE;Heer-Rupp Barbara, 055/642'24'27;;;;;;;F. Brunold;;;;;;;;;;;
;Schäflibrunnen Quelle;Schlattstrasse (Leinsiten) und Dörfli;Engi;8765;730572;204955;673;Schäflibrunnen-Corporation Engi;800;im Berg;730/204-102;aus Plan gelesen;Trinkwasser, Überwasser Garten/Stall;WV Weiler, Quartier Dörfli;Hangquelle, Einlauf in gemauerten Kasten;gut;Eisentüre vorne;gemauert (im Hang);Korporation Engi;Schäflibrunnen-Korporation Engi;Standort Brunnenstube: Parz 673 Leinsiten (Frau Tandler) |  Standort Brunnen: Parz. 288 Dörfli (Korporation);ja;;;;;F. Brunold;;;;;;;;;;;
202;Quelle Huszapfenwald;Huszapfenwald;Filzbach;8757;728806;219797;98;unbekannt;785;unbekannt;;aus Plan gelesen;unbekannt;unbekannt;unbekannt;unbekannt;unbekannt;unbekannt;Nachführung QK AUE, Quellenkataster SiSto Kerenzerberg;;;;;;;;F. Brunold;;;;;;;;;;;
127;Quelle Huszapfenwald;Huszapfenwald;Filzbach;8757;728807;219893;98;unbekannt;763;unbekannt;;aus Plan gelesen;unbekannt;unbekannt;unbekannt;unbekannt;unbekannt;unbekannt;Nachführung QK AUE, Quellenkataster SiSto Kerenzerberg;;;;;;;;F. Brunold;;;;;;;;;;;
746-M;Quelle Tränggi;Tränggi;Filzbach;8757;728797;220066;664;unbekannt;730;unbekannt;;aus Plan gelesen;unbekannt;unbekannt;unbekannt;unbekannt;unbekannt;unbekannt;Nachführung QK AUE, Quellenkataster SiSto Kerenzerberg;;;;;;;;F. Brunold;;;;;;;;;;;
932;Quelle Unterlinden;Unterlinden;Filzbach;8757;728385;219530;337;unbekannt;866;unbekannt;;aus Plan gelesen;unbekannt;unbekannt;unbekannt;unbekannt;unbekannt;unbekannt;Nachführung QK AUE, Quellenkataster SiSto Kerenzerberg;;;;;;;;F. Brunold;;;;;;;;;;;
;Quellen im Leimen;Leimen;Glarus;8750;724220;210185;1235;Bruck- und Büelbrunnen-Korporation;493;unbekannt;;aus Plan gelesen;unbekannt;unbekannt;unbekannt;unbekannt;unbekannt;unbekannt;Nachführung QK AUE;;;;;;;;F. Brunold;;;;;;;;;;;
;Quelle Jenny;Büel;Haslen GL;8773;723725;205085;43;Hansjörg Jenny, Dorfstr. 33, Haslen;554;unbekannt;;Koordinaten Quellenkataster Axpo Kabelanlagen;Heizung und Tränkewasser;Brunnen bei Stall, Heizung;unbekannt;unbekannt;unbekannt;unbekannt;Nachführung QK AUE, Quellenkataster Kabelrohrblock Linthal-Schwanden Los 5;Hansjörg Jenny, Dorfstr. 33, Haslen;;;;;;;F. Brunold;;;;;;;;;;;
;Quelle Matt 2;Matt;Haslen GL;8773;722370;203590;284;unbekannt;556;kein Quellschacht;;Koordinaten Quellenkataster Axpo Kabelanlagen;Tränkewasser;laufender Brunnen;unbekannt;unbekannt;unbekannt;unbekannt;Nachführung QK AUE, Quellenkataster Kabelrohrblock Linthal-Schwanden Los 4;;;;;;;;F. Brunold;;;;;;;;;;;
;Quelle Mättli;Mättli;Haslen GL;8773;722533;203620;282;unbekannt;557;kein Quellschacht;;Koordinaten Quellenkataster Axpo Kabelanlagen;Tränkewasser;laufender Brunnen;unbekannt;unbekannt;unbekannt;unbekannt;Nachführung QK AUE, Quellenkataster Kabelrohrblock Linthal-Schwanden Los 4;;;;;;;;F. Brunold;;;;;;;;;;;
;Quelle Tschuoppis;Tschuoppis;Hätzingen;8775;722340;203360;1;unbekannt;573;unbekannt;;Koordinaten Quellenkataster Axpo Kabelanlagen;Tränkewasser;Brunnen;unbekannt;unbekannt;unbekannt;unbekannt;Nachführung QK AUE, Quellenkataster Kabelrohrblock Linthal-Schwanden Los 4;;;;;;;;F. Brunold;;;;;;;;;;;
240;Blaue-Brunnen Quellen;Blaaben Brünnen;Klöntal;8750;714560;208920;2861;unbekannt;846;unbekannt;;aus Plan gelesen;unbekannt;unbekannt;unbekannt;unbekannt;unbekannt;unbekannt;Nachführung QK AUE;;mehrere Quellaustritte;;;;;;F. Brunold;;;;;;;;;;;
229;Löntschbord-Quelle;Löntschbort;Klöntal;8750;720493;211672;3268;unbekannt;683;WV Gemeinde;;aus Plan gelesen;öffentliche Trinkwasserversorgung;WV Gemeinde;unbekannt;unbekannt;unbekannt;unbekannt;Nachführung QK AUE;;;;;;;;F. Brunold;;;;;;;;;;;
244;Richisauer Schwammhöchi-Quelle;Schwammhöchi;Klöntal;8750;712150;208750;2188;unbekannt;1137;unbekannt;;aus Plan gelesen;Tränkewasser;Viehtränke;unbekannt;unbekannt;unbekannt;unbekannt;Nachführung QK AUE;;;;;;;;;;;;;;;;;;;
241;Rossbrunnnen;Rossbrünnen;Klöntal;8750;714380;208945;2861;unbekannt;848;unbekannt;;aus Plan gelesen;unbekannt;unbekannt;unbekannt;unbekannt;unbekannt;unbekannt;Nachführung QK AUE;;;;;;;;;;;;;;;;;;;
246;Silbern-Quelle;Silberenbrunnen;Klöntal;8750;713465;206205;2076;unbekannt;1401;unbekannt;;aus Plan gelesen mit Hilfe Flurnamen;unbekannt;unbekannt;unbekannt;unbekannt;unbekannt;unbekannt;Nachführung QK AUE;;;;;;;;F. Brunold;;;;;;;;;;;
;Brunnengüetliquellen;Fürli;Linthal;8783;718280;194840;627;unbekannt;792;unbekannt;;aus Plan gelesen;unbekannt;unbekannt;unbekannt;unbekannt;unbekannt;unbekannt;Nachführung QK AUE;;mehrere Quellaustritte;;;;;;F. Brunold;;;;;;;;;;;
;Felix- und Regulaquellen;Oberweid;Linthal;8783;718100;194260;621;unbekannt;827;unbekannt;;aus Plan gelesen;unbekannt;unbekannt;unbekannt;unbekannt;unbekannt;unbekannt;Nachführung QK AUE;;mehrere Quellaustritte;;;;;;F. Brunold;;;;;;;;;;;
;Gnüssquellen;Oberweid;Linthal;8783;718190;194430;621;unbekannt;789;unbekannt;;aus Plan gelesen;unbekannt;unbekannt;unbekannt;unbekannt;unbekannt;unbekannt;Nachführung QK AUE;;mehrere Quellaustritte;;;;;;F. Brunold;;;;;;;;;;;
;Quelle Füdlentrog;Bodmenplanggen;Linthal;8783;720345;196420;;unbekannt;1695;unbekannt;;aus Plan gelesen;Tränkewasser;Alp Mitteldurnachtal;Reservoir;unbekannt;unbekannt;unbekannt;Tagwensrat Linthal-Matt, 17.05.2004;;;;;;;;F. Brunold;15-Jul-19;;;;;;;;;;
;Quellfassung Brünnen;Alprüti;Linthal;8783;716380;196503;808;unbekannt;1177;im Boden;;aus Plan gelesen;Trinkwasser;Schnyderberg, Eggli, Sonnenberg, Oberberg, Alprüti;Betonriegel und Lehmausbildung;unbekannt;Lehm;unbekannt;Jan und Felix Zweifel, Linthal;Jan Zweifel, Benken (076 824 11 40);;;;;;;F. Brunold;;;;;;;;;;;
;Schwefelquelle Stachelbergbad;Stegen;Linthal;8783;718250;198915;443;unbekannt;930;unbekannt;;durch Beschreibung aus Plan gelesen;nicht genutzt;nicht genutzt;unbekannt;unbekannt;unbekannt;unbekannt;Nachführung QK AUE;;;;;;;;F. Brunold;;;;;;;;;;;
;Schwefelquelle Luchsingen;Schwefelquelle;Luchsingen;8775;720945;203110;309;unbekannt;718;unbekannt;;durch Beschreibung aus Plan gelesen;unbekannt;unbekannt;unbekannt;unbekannt;unbekannt;unbekannt;Nachführung QK AUE;;;;;;;;F. Brunold;;;;;;;;;;;
;Quelle Hänigen 1;Hänigen;Matt;8766;732093;201226;320;Maduz;898;unbekannt;;aus Plan gelesen;unbekannt;unbekannt;unbekannt;unbekannt;unbekannt;unbekannt;Plan AUE;;;;;;;;F. Brunold;;;;;;;;;;;
;Quelle Hänigen 2;Hänigen;Matt;8766;732040;201327;320;Maduz;867;unbekannt;;aus Plan gelesen;unbekannt;unbekannt;unbekannt;unbekannt;unbekannt;unbekannt;Plan AUE;;;;;;;;F. Brunold;;;;;;;;;;;
;Quellfassung Siwellenboden;Siwellenboden;Matt;8766;730123;202164;;unbekannt;1709;unbekannt;;aus Plan gelesen;Tränkewasser;Alp Bergli;Kunststofftank;unbekannt;unbekannt;unbekannt;Heinrich Marti, Sand, 8766 Matt;;;;;;;;F. Brunold;15-Jul-19;;;;;;;;;;
;Quelle Hüsliguet;Hüsliguet;Mitlödi;8756;725337;208579;146;unbekannt;500;unbekannt;;durch Beschreibung aus Plan gelesen;unbekannt;unbekannt;unbekannt;unbekannt;unbekannt;unbekannt;Nachführung QK AUE;;;;;;;;F. Brunold;;;;;;;;;;;
;Quelle Mühle;Mühle/Langrüti;Mitlödi;8756;725120;208195;400;unbekannt;497;unbekannt;;aus Plan gelesen;unbekannt;unbekannt;unbekannt;unbekannt;unbekannt;unbekannt;Nachführung QK AUE;;;;;;;;F. Brunold;;;;;;;;;;;
;Bachwasserfassung Schwändeli;Schwändi;Mollis;8753;725109;217110;;unbekannt;612;unbekannt;;aus Plan gelesen;unbekannt;unbekannt;unbekannt;unbekannt;unbekannt;unbekannt;Mario Blaser, 4.9.2012;;;;;;;;F. Brunold;15-Jul-19;;;;;;;;;;
;Bodenwaldbachquelle 1;Feldbachwald;Mollis;8753;724350;216010;1;unbekannt;463;unbekannt;;aus Plan gelesen;unbekannt;unbekannt;unbekannt;unbekannt;unbekannt;unbekannt;Nachführung QK AUE;;;;;;;;F. Brunold;;;;;;;;;;;
;Bodenwaldbachquelle 2;Feldbachwald;Mollis;8753;724200;215910;1198;unbekannt;447;unbekannt;;aus Plan gelesen;unbekannt;unbekannt;unbekannt;unbekannt;unbekannt;unbekannt;Nachführung QK AUE;;;;;;;;F. Brunold;;;;;;;;;;;
77-M;Quelle Beeriboden;Beeriboden;Mühlehorn;8874;731339;219352;21;unbekannt;556;unbekannt;;aus Plan gelesen;unbekannt;unbekannt;unbekannt;unbekannt;unbekannt;unbekannt;Nachführung QK AUE, Quellenkataster SiSto Kerenzerberg;;;;;;;;F. Brunold;;;;;;;;;;;
200;Quelle Haafland;Haafland;Mühlehorn;8874;730376;220219;174;unbekannt;458;unbekannt;;aus Plan gelesen;unbekannt;unbekannt;unbekannt;unbekannt;unbekannt;unbekannt;Nachführung QK AUE, Quellenkataster SiSto Kerenzerberg;;;;;;;;F. Brunold;;;;;;;;;;;
938;Quelle Riisler;Riisler;Mühlehorn;8874;731123;219977;140;unbekannt;521;unbekannt;;aus Plan gelesen;unbekannt;unbekannt;unbekannt;unbekannt;unbekannt;unbekannt;Nachführung QK AUE, Quellenkataster SiSto Kerenzerberg;;;;;;;;F. Brunold;;;;;;;;;;;
;Rautialp Quelle 1;Altstafel;Näfels;8752;718537;214306;10;unbekannt;1794;im Boden;;aus Plan gelesen;Trinkwasser Alp;Wasserversorgung Alp Rauti;Gusseiserne Gratinform;schlecht;nicht vorhanden;kein Schacht;Gemeinde Glarus Nord;Ruedi Zimmermann, 058 611 79 73;;;;;;;F. Brunold;;;;;;;;;;;
;Rautialp Quelle 2;Altstafel;Näfels;8752;718189;214275;10;unbekannt;1710;über Boden, Höhe unbekannt;;aus Plan gelesen;Trinkwasser Alp;Wasserversorgung Alp Rauti;Betonschacht mit Fassungsstrang;mangelhaft;Plastikplane;Beton;Gemeinde Glarus Nord;Ruedi Zimmermann, 058 611 79 73;;;;;;;F. Brunold;;;;;;;;;;;
;Rautialp Quelle 3;Altstafel;Näfels;8752;718177;214215;10;unbekannt;1707;kein Schacht;;aus Plan gelesen;Trinkwasser Alp;Wasserversorgung Alp Rauti;Schlauch zwischen Steinen;schlecht;verrostetes Blech;kein Schacht;Gemeinde Glarus Nord;Ruedi Zimmermann, 058 611 79 73;;;;;;;F. Brunold;;;;;;;;;;;
;Rautialp Quelle 4;Rautirisenen;Näfels;8752;720118;214037;10;unbekannt;1958;unbekannt;;aus Plan gelesen;Trinkwasser Alp;Wasserversorgung Alp Rauti;unbekannt;unbekannt;unbekannt;unbekannt;Willi Pianta, Näfels;;;;;;;;F. Brunold;;;;;;;;;;;
;Viläggenbächlein;Viläggen;Näfels;8752;723340;217380;130;unbekannt;438;unbekannt;;aus Plan gelesen;unbekannt;unbekannt;unbekannt;unbekannt;unbekannt;unbekannt;Nachführung QK AUE;;;;;;;;F. Brunold;;;;;;;;;;;
84-M;Quelle Boden;Boden;Obstalden;8758;730324;220010;539;unbekannt;577;unbekannt;;aus Plan gelesen;unbekannt;unbekannt;unbekannt;unbekannt;unbekannt;unbekannt;Nachführung QK AUE, Quellenkataster SiSto Kerenzerberg;;;;;;;;F. Brunold;;;;;;;;;;;
201a;Quelle Bodeneggli;Bodeneggli;Obstalden;8758;729692;219597;311;unbekannt;812;unbekannt;;aus Plan gelesen;unbekannt;unbekannt;unbekannt;unbekannt;unbekannt;unbekannt;Nachführung QK AUE, Quellenkataster SiSto Kerenzerberg;;;;;;;;F. Brunold;;;;;;;;;;;
203;Quelle Chappeli;Chappeli;Obstalden;8758;730901;219510;121;unbekannt;688;unbekannt;;aus Plan gelesen;unbekannt;unbekannt;unbekannt;unbekannt;unbekannt;unbekannt;Nachführung QK AUE, Quellenkataster SiSto Kerenzerberg;;;;;;;;F. Brunold;;;;;;;;;;;
87-M;Quelle Grüenigen;Grüenigen;Obstalden;8758;730234;220058;222;unbekannt;548;unbekannt;;aus Plan gelesen;unbekannt;unbekannt;unbekannt;unbekannt;unbekannt;unbekannt;Nachführung QK AUE, Quellenkataster SiSto Kerenzerberg;;;;;;;;F. Brunold;;;;;;;;;;;
88;Quelle Grüenigen;Grüenigen;Obstalden;8758;730208;220071;222;unbekannt;550;unbekannt;;aus Plan gelesen;unbekannt;unbekannt;unbekannt;unbekannt;unbekannt;unbekannt;Nachführung QK AUE, Quellenkataster SiSto Kerenzerberg;;;;;;;;F. Brunold;;;;;;;;;;;
103;Quelle Hinter Schwändi;Hinter Schwändi;Obstalden;8758;730124;219244;47;unbekannt;792;unbekannt;;aus Plan gelesen;unbekannt;unbekannt;unbekannt;unbekannt;unbekannt;unbekannt;Nachführung QK AUE, Quellenkataster SiSto Kerenzerberg;;;;;;;;F. Brunold;;;;;;;;;;;
777;Quelle Hinter Schwändi;Hinter Schwändi;Obstalden;8758;730354;219208;83;unbekannt;788;unbekannt;;aus Plan gelesen;unbekannt;unbekannt;unbekannt;unbekannt;unbekannt;unbekannt;Nachführung QK AUE, Quellenkataster SiSto Kerenzerberg;;;;;;;;F. Brunold;;;;;;;;;;;
108.1;Quelle Hoschet;Hoschet;Obstalden;8758;729737;219777;306;unbekannt;729;unbekannt;;aus Plan gelesen;unbekannt;unbekannt;unbekannt;unbekannt;unbekannt;unbekannt;Nachführung QK AUE, Quellenkataster SiSto Kerenzerberg;;;;;;;;F. Brunold;;;;;;;;;;;
93;Quelle Nidstalden;Nidstalden;Obstalden;8758;729919;220123;687;unbekannt;592;unbekannt;;aus Plan gelesen;unbekannt;unbekannt;unbekannt;unbekannt;unbekannt;unbekannt;Nachführung QK AUE, Quellenkataster SiSto Kerenzerberg;;;;;;;;F. Brunold;;;;;;;;;;;
93-M;Quelle Nidstalden;Nidstalden;Obstalden;8758;729917;220143;242;unbekannt;583;unbekannt;;aus Plan gelesen;unbekannt;unbekannt;unbekannt;unbekannt;unbekannt;unbekannt;Nachführung QK AUE, Quellenkataster SiSto Kerenzerberg;;;;;;;;F. Brunold;;;;;;;;;;;
94;Quelle Nidstalden;Nidstalden;Obstalden;8758;730075;220215;228;unbekannt;547;unbekannt;;aus Plan gelesen;unbekannt;unbekannt;unbekannt;unbekannt;unbekannt;unbekannt;Nachführung QK AUE, Quellenkataster SiSto Kerenzerberg;;;;;;;;F. Brunold;;;;;;;;;;;
201;Quelle Ober Gerstgarten;Ober Gerstgarten;Obstalden;8758;729621;219555;312;unbekannt;818;unbekannt;;aus Plan gelesen;unbekannt;unbekannt;unbekannt;unbekannt;unbekannt;unbekannt;Nachführung QK AUE, Quellenkataster SiSto Kerenzerberg;;;;;;;;F. Brunold;;;;;;;;;;;
;Quelle Rüti;Rüti;Obstalden;8758;730130;219849;349;A. Heussi;641;unbekannt;;aus Plan gelesen;unbekannt;unbekannt;unbekannt;unbekannt;unbekannt;unbekannt;Plan GeoShop Glarus;A. Heussi 055 614 11 13;;;;;;;F. Brunold;;;;;;;;;;;
82;Quelle Rüti;Rüti;Obstalden;8758;730130;219836;216;unbekannt;646;unbekannt;;aus Plan gelesen;unbekannt;unbekannt;unbekannt;unbekannt;unbekannt;unbekannt;Nachführung QK AUE, Quellenkataster SiSto Kerenzerberg;;;;;;;;F. Brunold;;;;;;;;;;;
83;Quelle Rüti;Rüti;Obstalden;8758;730137;219810;216;unbekannt;657;unbekannt;;aus Plan gelesen;unbekannt;unbekannt;unbekannt;unbekannt;unbekannt;unbekannt;Nachführung QK AUE, Quellenkataster SiSto Kerenzerberg;;;;;;;;F. Brunold;;;;;;;;;;;
98;Quelle Schneeliwald;Schneeliwald;Obstalden;8758;730406;220198;194;unbekannt;469;unbekannt;;aus Plan gelesen;unbekannt;unbekannt;unbekannt;unbekannt;unbekannt;unbekannt;Nachführung QK AUE, Quellenkataster SiSto Kerenzerberg;;;;;;;;F. Brunold;;;;;;;;;;;
96;Quelle Staldli;Staldli;Obstalden;8758;729568;220192;330;unbekannt;615;unbekannt;;aus Plan gelesen;unbekannt;unbekannt;unbekannt;unbekannt;unbekannt;unbekannt;Nachführung QK AUE, Quellenkataster SiSto Kerenzerberg;;;;;;;;F. Brunold;;;;;;;;;;;
89;Quelle Stuggacher;Stuggacher;Obstalden;8758;730074;220037;238;unbekannt;589;unbekannt;;aus Plan gelesen;unbekannt;unbekannt;unbekannt;unbekannt;unbekannt;unbekannt;Nachführung QK AUE, Quellenkataster SiSto Kerenzerberg;;;;;;;;F. Brunold;;;;;;;;;;;
90;Quelle Stuggacher;Stuggacher;Obstalden;8758;730063;220047;239;unbekannt;589;unbekannt;;aus Plan gelesen;unbekannt;unbekannt;unbekannt;unbekannt;unbekannt;unbekannt;Nachführung QK AUE, Quellenkataster SiSto Kerenzerberg;;;;;;;;F. Brunold;;;;;;;;;;;
91;Quelle Stuggacher;Stuggacher;Obstalden;8758;730050;220067;239;unbekannt;585;unbekannt;;aus Plan gelesen;unbekannt;unbekannt;unbekannt;unbekannt;unbekannt;unbekannt;Nachführung QK AUE, Quellenkataster SiSto Kerenzerberg;;;;;;;;F. Brunold;;;;;;;;;;;
79;Quelle Totzweg;Totzweg;Obstalden;8758;730318;219815;213;unbekannt;647;unbekannt;;aus Plan gelesen;unbekannt;unbekannt;unbekannt;unbekannt;unbekannt;unbekannt;Nachführung QK AUE, Quellenkataster SiSto Kerenzerberg;;;;;;;;F. Brunold;;;;;;;;;;;
81;Quelle Tschingel;Tschingel;Obstalden;8758;730117;219951;217;unbekannt;602;unbekannt;;aus Plan gelesen;unbekannt;unbekannt;unbekannt;unbekannt;unbekannt;unbekannt;Nachführung QK AUE, Quellenkataster SiSto Kerenzerberg;;;;;;;;F. Brunold;;;;;;;;;;;
102;Quelle Tübereggli;Tübereggli;Obstalden;8758;730153;219263;83;unbekannt;785;unbekannt;;aus Plan gelesen;unbekannt;unbekannt;unbekannt;unbekannt;unbekannt;unbekannt;Nachführung QK AUE, Quellenkataster SiSto Kerenzerberg;;;;;;;;F. Brunold;;;;;;;;;;;
106;Quelle Tüberen;Tüberen;Obstalden;8758;730240;219606;101;unbekannt;691;unbekannt;;aus Plan gelesen;unbekannt;unbekannt;unbekannt;unbekannt;unbekannt;unbekannt;Nachführung QK AUE, Quellenkataster SiSto Kerenzerberg;;;;;;;;F. Brunold;;;;;;;;;;;
106.1;Quelle Tüberen;Tüberen;Obstalden;8758;730239;219588;101;unbekannt;697;unbekannt;;aus Plan gelesen;unbekannt;unbekannt;unbekannt;unbekannt;unbekannt;unbekannt;Nachführung QK AUE, Quellenkataster SiSto Kerenzerberg;;;;;;;;F. Brunold;;;;;;;;;;;
106.2;Quelle Tüberen;Tüberen;Obstalden;8758;730236;219623;101;unbekannt;685;unbekannt;;aus Plan gelesen;unbekannt;unbekannt;unbekannt;unbekannt;unbekannt;unbekannt;Nachführung QK AUE, Quellenkataster SiSto Kerenzerberg;;;;;;;;F. Brunold;;;;;;;;;;;
;Quelle Tüberli;Tüberli;Obstalden;8758;730136;219822;216;unbekannt;651;unbekannt;;aus Plan gelesen;unbekannt;unbekannt;unbekannt;unbekannt;unbekannt;unbekannt;Plan GeoShop Glarus;;;;;;;;F. Brunold;;;;;;;;;;;
80;Quelle Tüberli;Tüberli;Obstalden;8758;730229;219859;216;unbekannt;626;unbekannt;;aus Plan gelesen;unbekannt;unbekannt;unbekannt;unbekannt;unbekannt;unbekannt;Nachführung QK AUE, Quellenkataster SiSto Kerenzerberg;;;;;;;;F. Brunold;;;;;;;;;;;
104-M;Quelle Tüberli;Tüberli;Obstalden;8758;730202;219481;88;unbekannt;732;unbekannt;;aus Plan gelesen;unbekannt;unbekannt;unbekannt;unbekannt;unbekannt;unbekannt;Nachführung QK AUE, Quellenkataster SiSto Kerenzerberg;;;;;;;;F. Brunold;;;;;;;;;;;
105;Quelle Tüberli;Tüberli;Obstalden;8758;730215;219428;91;unbekannt;743;unbekannt;;aus Plan gelesen;unbekannt;unbekannt;unbekannt;unbekannt;unbekannt;unbekannt;Nachführung QK AUE, Quellenkataster SiSto Kerenzerberg;;;;;;;;F. Brunold;;;;;;;;;;;
85;Quelle Voglingen;Voglingen;Obstalden;8758;730504;220077;195;unbekannt;559;unbekannt;;aus Plan gelesen;unbekannt;unbekannt;unbekannt;unbekannt;unbekannt;unbekannt;Nachführung QK AUE, Quellenkataster SiSto Kerenzerberg;;;;;;;;F. Brunold;;;;;;;;;;;
86;Quelle Voglingen;Voglingen;Obstalden;8758;730453;220075;195;unbekannt;556;unbekannt;;aus Plan gelesen;unbekannt;unbekannt;unbekannt;unbekannt;unbekannt;unbekannt;Nachführung QK AUE, Quellenkataster SiSto Kerenzerberg;;;;;;;;F. Brunold;;;;;;;;;;;
203-M;Quelle Vorder Grueben;Vorder Grueben;Obstalden;8758;730920;219567;118;unbekannt;675;unbekannt;;aus Plan gelesen;unbekannt;unbekannt;unbekannt;unbekannt;unbekannt;unbekannt;Nachführung QK AUE, Quellenkataster SiSto Kerenzerberg;;;;;;;;F. Brunold;;;;;;;;;;;
;Quelle Berggut;Bergguet;Rüti GL;8782;719302;199246;294;unbekannt;699;unbekannt;;aus Plan gelesen;unbekannt;unbekannt;unbekannt;unbekannt;unbekannt;unbekannt;Nachführung QK AUE;;;;;;;;F. Brunold;;;;;;;;;;;
;Quelle Lehmann;Sattel;Schwanden GL;8762;725030;206010;1193;Martin Lehmann-Hofstetter, Schwanden;565;überdeckt;;Koordinaten Quellenkataster Axpo Kabelanlagen;Tränkewasser;laufender Brunnen auf Parzelle Nr. 1688;unbekannt;unbekannt;unbekannt;unbekannt;Nachführung QK AUE, Quellenkataster Kabelrohrblock Linthal-Schwanden Los 5;;;;;;;;F. Brunold;;;;;;;;;;;
;Quelle Mülibächli 1;Mülibächli;Schwanden GL;8762;724206;205585;1177;unbekannt;569;unbekannt;;Koordinaten Quellenkataster Axpo Kabelanlagen;Tränkewasser;laufender Brunne bei Stall;unbekannt;unbekannt;unbekannt;unbekannt;Nachführung QK AUE, Quellenkataster Kabelrohrblock Linthal-Schwanden Los 5;Jakob Jenny, Haslen;;;;;;;F. Brunold;;;;;;;;;;;
;Quelle Mülibächli 2;Mülibächli;Schwanden GL;8762;724219;205607;1177;unbekannt;567;unbekannt;;Koordinaten Quellenkataster Axpo Kabelanlagen;Tränkewasser;laufender Brunnen bei Stall;unbekannt;unbekannt;unbekannt;unbekannt;Nachführung QK AUE, Quellenkataster Kabelrohrblock Linthal-Schwanden Los 5;Jakob Jenny, Haslen;;;;;;;F. Brunold;;;;;;;;;;;
;Quelle Schmid;Büeli;Schwanden GL;8762;724520;205965;338;Hans Schmid, Plattenaustr. 13, Schwanden;538;unbekannt;;Koordinaten Quellenkataster Axpo Kabelanlagen;Tränkewasser;laufender Brunnen auf Parzelle Nr. 294;unbekannt;unbekannt;unbekannt;unbekannt;Nachführung QK AUE, Quellenkataster Kabelrohrblock Linthal-Schwanden Los 5;;;;;;;;F. Brunold;;;;;;;;;;;
;Quelle Staub;Herren;Schwanden GL;8762;725015;206105;1800;Hr. Staub, Herrenstrasse 43, Schwanden;533;überdeckt;;Koordinaten Quellenkataster Axpo Kabelanlagen;keine Nutzung;keine Nutzung;unbekannt;unbekannt;unbekannt;unbekannt;Nachführung QK AUE, Quellenkataster Kabelrohrblock Linthal-Schwanden Los 5;;;;;;;;F. Brunold;;;;;;;;;;;
;Quelle Stümlingen;Stümmlingen;Schwanden GL;8762;724294;205718;342;WV Glarus Süd;556;unbekannt;;Koordinaten Quellenkataster Axpo Kabelanlagen;3 Ententeiche;3 Ententeiche;unbekannt;unbekannt;unbekannt;unbekannt;Nachführung QK AUE, Quellenkataster Kabelrohrblock Linthal-Schwanden Los 5;Köbi Knobel;;;;;;;F. Brunold;;;;;;;;;;;
;Quellfassung mit Reservoir Trogen;;Schwändi;8762;723400;208025;;unbekannt;789;unbekannt;;aus Mail und Plan gelesen;unbekannt;unbekannt;unbekannt;unbekannt;unbekannt;unbekannt;Mail Thomas Gubler, Magma;;;;;;;;F. Brunold;15-Jul-19;;;;;;;;;;
;Quellfassung Trogenberg;Vorder Trogen;Schwändi;8762;723525;207938;;unbekannt;768;unbekannt;;aus Mail und Plan gelesen;unbekannt;unbekannt;unbekannt;unbekannt;unbekannt;unbekannt;Mail Thomas Gubler, Magma;;;;;;;;F. Brunold;15-Jul-19;;;;;;;;;;
